Date,Code: Graded Index,Peak Current,SS Current,Peak - SS +40,Branch Vector,Branch Number,Cell Letter,SGN Type,Spike Type,Spike type II,Spike Present,Classification,Age,Parent Branch Diameter,CDR w/ Type II,CDR (Type I only),Iext CCstep,CC_step Cp,CC_step Slow Tau,CC_Step A0,Cp - Fitting Area - w/Fast Cp,Fitting Area - pClamp Value,Fast - Cp Area,A1-VC Double Exp,A2-VC Double Exp,t1-VC Double Exp,t2- VC Double Exp,C-VC Double Exp,Cp Soma - VC Double Exp,Cp Compartment - VC Double Exp,Soma Cp Calc,Compartmant Cp Calc,Integral Cvc,R1,R2,A - VC Single Exp,Ao - VC Single Exp,t - VC Single Exp,C - VC Single Exp,VC Integral - Single Exp,Dialed in Cm,CC Cm,CC Cp/ VC_Cp,Rs (calc est),Code: Lat at Thresh,Response Latency (sub),SubThreshold Latency,AHP Time Constant,Code: Cthres,Code: Vthres,Code: Vm,Code: AP Height,Code: Rin,ss-30NC,ssmax_NC,g-30NC,gmax_NC,Vmid - NC,g30/gmax_NC,Escape Current Magnitude,Escape Current Delay,Cp -- CC with 10dV,dV in CC - -10pA,Initial Inject Current,First Hyperpol Step Current,H- Time Constant,H-Na Current,Rs(est),Slopes,g -30,IP,Vmid 2,Gmax,Type II Contact Number,Type II Rows,Outward Inactivation Tau,Graded Slope,Graded Index,H-Cp (pF),H-CThreshold,Voltage Threshold,H-Vrest,H-AP Hight,AP Latency (ms),Double Exp for Inactivation Outward Current,Downstroke Tau,IH Nose Present,Time to -40mV,Sigmodial?,Anode Spike Present,Age Group,Confidence,C-thres Spike Only,Current for -40mV,Vmid,AHP Decay Tau,H-Outward Current,H-Rin,H-Cp,-80: C Threshold,-80: Latency,WC(Rs),Rin (MOhms),dV at +10pA Step,Rin @ +10pA,Calc Cp @ +10 step,Time Constant - CC +10pA,Outward Current Density,R(pipette),Inward Current Density,Pred Formula H-Contact Distance,AHP Delta V,Onset to Trough Time,Trough to SS Time,MATLAB CDRPRed,Predict MP Code,Canon[1],Column 75,Age Bins,g30/gmax, soma + comp cp,A1/A2,t1/t2,Ao/10pA,Relative A2,Latency/g30,dInj Current,Max/Escapse Current Mag,Column 127,Column 128
04/20/2011,0.734863298,,,,,,,,Graded,,No Spike,,3,,,,,,,,,,,,,,,,,,,,,,,,,,,,,,,,18.7,,,11.87,30,,-45.06836038,20.6787114,0.324605313,565.1855469,3182.983398,9.872236627,23.20805655,-17.61533823,0.425379721,,,,,,,,,,56.21337906,6.091960035,,-22.5133577,24.71384992,,,112.92,,,,,,,,,,,,,,,1,,,,,,,,,,,,,,,,,,,,,,,,,,,4,P1-P5,0.246499839,,,,,,1.89420095,,,P1-P5,
08/02/2011,1.809692423,,,,,10,,,Transient,,Spike,,2,,,,,,,,,,,,,,,,,,,,,,,,,,,,,,,,14.3,,,15.64,30,-18.82934612,-41.35131928,32.89794995,0.395202646,173.9501953,1469.116211,3.038431359,10.71175304,-12.69545678,0.283653978,,,,,,,,,,11.13464796,1.274485413,,,9.839028195,,,108.9,,,,,,,,,,,,,,,3,,,,,,,,,,,,,,,,,,,,,,,,,,,2,P1-P5,0.129533668,,,,,,4.70637586,,,P1-P5,
08/02/2011,2.325439505,,,,,,,,Intermediate,,Spike,,2,,,,,,,,,,,,,,,,,,,,,,,,,,,,,,,,13.5,,,31.85,30,-35.7055672,-50.29296987,38.90991298,0.641886408,288.6962891,1805.419922,5.04272994,13.16384109,-11.87969681,0.383074355,,,,,,,,,,15.16580028,3.143255854,,-15.98883395,13.08037411,,,151.41,,,,,,,,,,,,,,,3,,,,,,,,,,,,,,,,,,,,,,,,,,,3,P1-P5,0.240303208,,,,,,2.677121353,,,P1-P5,
08/02/2011,3.094482491,,,,,,,,Intermediate,,Spike,,2,,,,,,,,,,,,,,,,,,,,,,,,,,,,,,,,15.1,,,18.64,40,-34.33227616,-51.84936639,44.95239358,0.239054367,245.3613281,1453.857422,4.285787391,10.60049678,-29.42363303,0.404300617,,,,,,,,,,11.63338622,2.572772389,,-21.26561636,10.02033633,,,,,,,,,,,,,,,,,,3,,,,,,,,,,,,,,,,,,,,,,,,,,,3,P1-P5,0.256755093,,,,,,3.523273234,,,P1-P5,
08/02/2011,3.695678794,,,,,,,,Intermediate,,Spike,,2,,,,,,,,,,,,,,,,,,,,,,,,,,,,,,,,22.7,,,25.07,20,-33.02002027,-50.96435661,46.26464947,0.504557303,256.3476563,1611.938477,4.477688319,11.75311167,-13.67462077,0.380978965,,,,,,,,,,13.85498069,2.403427433,,-14.57794184,11.31739564,,,100.03,,,,,,,,,,,,,,,3,,,,,,,,,,,,,,,,,,,,,,,,,,,3,P1-P5,0.212365769,,,,,,5.06958019,,,P1-P5,
08/02/2011,3.713989341,,,,,,,,Slow,,Spike,,2,,,,,,,,,,,,,,,,,,,,,,,,,,,,,,,,21.6,,,16.65,20,-35.00366289,-49.28588977,44.89135843,0.998433453,153.1982422,974.7314453,2.675951829,7.107050107,-14.97466896,0.376520749,,,,,,,,,,6.16455084,1.649225047,,-14.20747804,6.353323117,,,,,,,,,,,,,,,,,,3,,,,,,,,,,,,,,,,,,,,,,,,,,,1,P1-P5,0.259584633,,,,,,8.071894182,,,P1-P5,
08/03/2011,3.649902425,,,,,8,,,Slow,,Spike,,3,,,,,,,,,,,,,,,,,,,,,,,,,,,,,,,,24.5,,,22.42,20,-31.95190501,-53.86352659,51.05590934,0.95469159,223.3886719,2285.766602,3.901985535,16.66618826,-2.840020364,0.234125853,,,,,,,,,,12.76744516,1.796310624,,-6.959318407,14.94849551,,,240.49,,,,,,,,,,,,,,,1,,,,,,,,,,,,,,,,,,,,,,,,,,,1,P1-P5,0.12016665,,,,,,6.278854645,,,P1-P5,
08/03/2011,0.842285175,,,,,7,,,Graded,,No Spike,,3,,,,,,,,,,,,,,,,,,,,,,,,,,,,,,,,15.3,,,,30,,-47.11914168,23.43750052,0.868733743,211.7919922,1298.828125,3.699423444,9.470133141,-12.64338659,0.390641123,,,,,,,,,,11.74435928,1.877823251,,-14.16065447,8.770886555,,,117.21,,,,,,,,,,,,,,,1,,,,,,,,,,,,,,,,,,,,,,,,,,,4,P1-P5,0.214097314,,,,,,4.135779597,,,P1-P5,
08/03/2011,1.837158244,,,,,,,,Intermediate,,Spike,,3,,,,,,,,,,,,,,,,,,,,,,,,,,,,,,,,22.7,,,23.93,30,-34.72900468,-52.88696407,40.4663095,0.577799492,368.6523438,2691.040039,6.439342249,19.62115461,-8.081209951,0.328183656,,,,,,,,,,19.9418505,3.603459358,,-7.681212163,19.47953335,,,94.66,,,,,,,,,,,,,,,1,,,,,,,,,,,,,,,,,,,,,,,,,,,3,P1-P5,0.184986945,,,,,,3.525204768,,,P1-P5,
08/04/2011,1.763916055,,,,,6,,,Intermediate,,Spike,,4,,,,,,,,,,,,,,,,,,,,,,,,,,,,,,,,19.2,,,18.65,30,-28.68652408,-53.80249144,44.28100685,0.641377781,268.5546875,2025.756836,4.690911572,14.77038153,-9.870783551,0.317589059,,,,,,,,,,20.56884778,2.343398001,,-5.586033278,13.25904889,,,92.92,,,,,,,,,,,,,,,1,,,,,,,,,,,,,,,,,,,,,,,,,,,3,P1-P5,0.176739525,,,,,,4.093021091,,,P1-P5,
08/04/2011,2.301025442,,,,,5,,,Intermediate,,Spike,,4,,,,,,,,,,,,,,,,,,,,,,,,,,,,,,,,15.6,,,18.05,30,-35.79711994,-55.17578248,42.57202244,0.434875498,353.3935547,2777.709961,6.172813182,20.25309019,-8.613364259,0.30478377,,,,,,,,,,28.99169938,3.415339446,,-8.889490071,18.55523787,,,150.71,,,,,,,,,,,,,,,1,,,,,,,,,,,,,,,,,,,,,,,,,,,3,P1-P5,0.184063361,,,,,,2.527210777,,,P1-P5,
08/04/2011,0.424194345,,,,,4,,,Graded,,No Spike,,5,,,,,,,,,,,,,,,,,,,,,,,,,,,,,,,,18.3,,,,70,-26.58081114,-29.35791081,24.71923883,0.436401377,122.0703125,1563.720703,2.132232533,11.40154187,2.103544169,0.187012648,,,,,,,,,,7.745428476,0.949108329,,,10.70157356,,,134.45,,,,,,,,,,,,,,,1,,,,,,,,,,,,,,,,,,,,,,,,,,,4,P1-P5,0.08868867,,,,,,8.582553599,,,P1-P5,
08/05/2011,0.454711924,,,,,,,,Transient,,Spike,,2,,,,,,,,,,,,,,,,,,,,,,,,,,,,,,,,9.4,,,5.2,110,-35.15625079,-44.89135843,30.42602607,0.22074382,459.5947266,2567.749023,8.027855486,18.72220401,-26.75943431,0.42878795,,,,,,,,,,23.00470534,5.235025953,,-17.27884101,19.05301503,,,135.33,,,,,,,,,,,,,,,3,,,,,,,,,,,,,,,,,,,,,,,,,,,2,P1-P5,0.274761026,,,,,,1.170922922,,,P1-P5,
08/16/2011,1.980590865,,,,,12,,,Intermediate,,Spike,,3,,,,,,,,,,,,,,,,,,,,,,,,,,,,,,,,21.3,,,31.5,30,-31.49414133,-52.03247187,39.91699308,0.585937513,300.2929688,1882.324219,5.245292031,13.72457265,-13.95640916,0.38218254,,,,,,,,,,20.76134333,2.505086651,,-13.83371443,13.50997031,,,68.66,,,,,,,,,,,,,,,1,,,,,,,,,,,,,,,,,,,,,,,,,,,3,P1-P5,0.18542503,,,,,,4.06078439,,,P1-P5,
08/17/2011,0.613403334,,,,,7,,,Graded,,No Spike,,3,,,,,,,,,,,,,,,,,,,,,,,,,,,,,,,,23,,,,50,,-46.20361431,30.15136786,0.889078796,130.6152344,950.9277344,2.28148881,6.933490336,-10.29677083,0.329053435,,,,,,,,,,6.417441257,1.231137908,,-14.88308727,6.200087739,,,94.28,,,,,,,,,,,,,,,1,,,,,,,,,,,,,,,,,,,,,,,,,,,4,P1-P5,0.19856782,,,,,,10.08113645,,,P1-P5,
08/17/2011,2.185058643,,,,,6,,,Transient,,Spike,,3,,,,,,,,,,,,,,,,,,,,,,,,,,,,,,,,29.5,,,24.9,30,-20.62988327,-50.14038198,41.01562592,0.502522798,169.6777344,1228.027344,2.963803221,8.953904079,-11.22399554,0.331006809,,,,,,,,,,10.43701187,1.251763733,,-14.60561255,8.31053666,,,83.1,,,,,,,,,,,,,,,1,,,,,,,,,,,,,,,,,,,,,,,,,,,2,P1-P5,0.150623694,,,,,,9.953427337,,,P1-P5,
08/17/2011,4.653930768,,,,,,,,Transient,,Spike,,5,,,,,,,,,,,,,,,,,,,,,,,,,,,,,,,,15.7,,,17.43,30,-39.48974698,-58.99047983,62.89672992,1.126098658,378.4179688,2473.144531,6.609920852,18.03241517,-8.356259861,0.366557712,,,,,,,,,,20.30029306,4.223526227,,0.11745907,17.90886475,,,312.77,,,,,,,,,,,,,,,1,,,,,,,,,,,,,,,,,,,,,,,,,,,2,P1-P5,0.235834392,,,,,,2.375217548,,,P1-P5,
08/19/2011,2.941894597,,,,,,,,Transient,,Spike,,9,,,,,,,,,,,,,,,,,,,,,,,,,,,,,,,,17.8,,,15.2,40,-35.46142657,-56.79321416,49.65210072,0.656127944,338.1347656,3277.587891,5.906284116,23.89784538,-4.062403342,0.247147139,,,,,,,,,,29.96826196,3.006381377,,5.827562007,23.93516571,,,143.16,,,,,,,,,,,,,,,3,,,,,,,,,,,,,,,,,,,,,,,,,,,2,P6-P9,0.125605204,,,,,,3.013739206,,,P6-P10,
08/23/2011,1.232910184,,,,,,,,Transient,,Spike,,9,,,,,,,,,,,,,,,,,,,,,,,,,,,,,,,,7.5,,,7.41,140,-50.78125114,-55.81665164,36.89575278,0.194295252,554.1992188,2633.666992,9.680335699,19.20283106,-47.09437194,0.504109819,,,,,,,,,,20.56884777,6.751767528,,-40.42957018,17.87290283,,,,,,,,,,,,,,,,,,3,,,,,,,,,,,,,,,,,,,,,,,,,,,2,P6-P9,0.377765581,,,,,,0.77476652,,,P6-P10,
08/23/2011,0.668334976,,,,,,,,Transient,,Spike,,3,,,,,,,,,,,,,,,,,,,,,,,,,,,,,,,,7.7,,,7.86,120,-46.29516705,-52.45971797,33.44726637,0.194295252,593.8720703,3533.935547,10.37331127,25.76695061,-33.14614536,0.402582029,,,,,,,,,,24.71923847,6.802239262,,-28.56355861,24.47019664,,,,,,,,,,,,,,,,,,1,,,,,,,,,,,,,,,,,,,,,,,,,,,2,P1-P5,0.277980572,,,,,,0.742289497,,,P1-P5,
09/09/2011,1.479492221,,,,,9,,,Transient,,Spike,,6,,,,,,,,,,,,,,,,,,,,,,,,,,,,,,,,21.2,,,14.66,50,-26.74560607,-53.9428723,46.3134776,0.671793635,222.7783203,2468.87207,3.891324372,18.00126342,-1.320315449,0.216169514,,,,,,,,,,20.01953144,2.252817953,,,17.97072055,,,124.71,,,,,,,,,,,,,,,2,,,,,,,,,,,,,,,,,,,,,,,,,,,2,P6-P9,0.125360469,,,,,,5.448016658,,,P6-P10,
09/12/2011,3.765258873,,,,,3,,,Transient,,Spike,,6,,,,,,,,,,,,,,,,,,,,,,,,,,,,,,,,17.7,,,13.95,40,-41.55883882,-65.92407374,56.93969854,0.395304371,446.7773438,3328.857422,7.80397107,24.27166643,-2.356436158,0.321525969,,,,,,,,,,17.57791169,5.076937379,,10.70033609,22.22727819,,,,,,,,,,,,,,,,,,2,,,,,,,,,,,,,,,,,,,,,,,,,,,2,P6-P9,0.228410214,,,,,,2.268076066,,,P6-P10,
09/12/2011,1.350097686,,,,,5,,,Slow,,Spike,,6,,,,,,,,,,,,,,,,,,,,,,,,,,,,,,,,14.2,,,9.51,20,-23.72436576,-41.93115328,34.06982498,0.214335128,436.4013672,4741.821289,7.622731305,34.57399642,1.946161393,0.220475852,,,,,,,,,,26.53808609,4.361277655,,,36.24019985,,,237.15,,,,,,,,,,,,,,,2,,,,,,,,,,,,,,,,,,,,,,,,,,,1,P6-P9,0.120343643,,,,,,1.862849343,,,P6-P10,
09/12/2011,2.42431646,,,,,,,,Transient,,Spike,,9,,,,,,,,,,,,,,,,,,,,,,,,,,,,,,,,14.9,,,16.76,60,-60.1379408,-64.61181785,45.29419047,0.237833664,405.2734375,2993.164063,7.079012009,21.82402863,-8.091321433,0.324367793,,,,,,,,,,20.66317483,5.10789983,,,21.77436474,,,194.69,,,,,,,,,,,,,,,3,,,,,,,,,,,,,,,,,,,,,,,,,,,2,P6-P9,0.234583185,,,,,,2.104813494,,,P6-P10,
09/15/2011,2.68737799,,,,,2,,,Transient,,Spike,,9,,,,,,,,,,,,,,,,,,,,,,,,,,,,,,,,11.9,,,8.9,40,-42.12646579,-57.40966925,37.69531334,0.244344081,878.90625,5117.797852,15.35207424,37.31535075,-19.66869868,0.411414443,,,,,,,,,,38.97927058,14.19039436,,-19.82998335,45.79686606,,,188.22,,,,,,,,,,,,,,,3,,,,,,,,,,,,,,,,,,,,,,,,,,,2,P6-P9,0.30985514,,,,,,0.775139555,,,P6-P10,
09/15/2011,2.67578131,,,,,1,,,Transient,,Spike,,9,,,,,,,,,,,,,,,,,,,,,,,,,,,,,,,,9.3,,,4.66,50,-42.74292088,-57.81250129,37.96386804,0.231221522,271.6064453,2321.166992,4.744217385,16.92430279,,0.280319813,,,,,,,,,,24.38583949,0.566412946,,,16.04335411,,,,,,,,,,,,,,,,,,3,,,,,,,,,,,,,,,,,,,,,,,,,,,2,P6-P9,0.035305145,,,,,,1.960281169,,,P6-P10,
09/19/2011,2.268066457,,,,,3,,,Transient,,Spike,,6,,,,,,,,,,,,,,,,,,,,,,,,,,,,,,,,13.4,,,11.57,40,-57.64770637,-61.12060683,42.32788181,0.60597739,607.2998047,3950.805664,10.60785685,28.80647172,-15.54113823,0.368245613,,,,,,,,,,25.94496793,6.995909737,,-18.94774946,27.1294971,,,207.26,,,,,,,,,,,,,,,2,,,,,,,,,,,,,,,,,,,,,,,,,,,2,P6-P9,0.25787097,,,,,,1.263214633,,,P6-P10,
09/19/2011,2.651977598,,,,,4,,,Transient,,Spike,,6,,,,,,,,,,,,,,,,,,,,,,,,,,,,,,,,19.4,,,12.18,40,-30.51757881,-56.51855595,43.84155371,0.502726248,469.3603516,5461.425781,8.198434088,39.8208418,7.492619979,0.205882993,,,,,,,,,,34.54589868,5.418127091,,,46.11431829,,,263.62,,,,,,,,,,,,,,,2,,,,,,,,,,,,,,,,,,,,,,,,,,,2,P6-P9,0.117493379,,,,,,2.36630554,,,P6-P10,
09/20/2011,3.524170001,,,,,5,,,Slow,,Spike,,7,,,,,,,,,,,,,,,,,,,,,,,,,,,,,,,,15.1,,,11.62,30,-43.86596778,-61.54174942,44.60449318,0.310465502,920.4101563,5956.420898,16.0770333,43.42999498,-11.33396975,0.370182711,,,,,,,,,,45.5322269,12.0226567,,-4.580588939,45.77087923,,,263.24,,,,,,,,,,,,,,,2,,,,,,,,,,,,,,,,,,,,,,,,,,,1,P6-P9,0.262670434,,,,,,0.93922801,,,P6-P10,
09/20/2011,2.727050842,,,,,6,,,Transient,,Spike,,7,,,,,,,,,,,,,,,,,,,,,,,,,,,,,,,,12.1,,,12.04,40,-37.37182701,-49.26757923,32.92846753,0.108642581,808.1054688,5131.225586,14.11537937,37.41325626,-29.9802464,0.377282835,,,,,,,,,,43.35950323,13.06740187,,-23.51023012,49.70966695,,,152.83,,,,,,,,,,,,,,,2,,,,,,,,,,,,,,,,,,,,,,,,,,,2,P6-P9,0.26287446,,,,,,0.857221027,,,P6-P10,
02/19/2015,4.51746121,,,,,,,Type I,Transient,Intermediate,Spike,M,6,,,,,,,,,,,,,,,,,,,,,,,,,,,,,26.34015165,,,,,,9,40.48306142,-44.86084085,-70.83130041,64.05639792,0.796882276,341.796875,2485.961914,5.970251092,18.12587043,251.893438,0.329377346,,,,,,,20.99,-1700,,11.71875009,4.254523338,-40.21837369,63.92310259,16.57617296,,,,,4.2,16.1,40,,-70,64.91,25,Y,15.89,,,N,,2,3,40,,,,643,1310000000,1.61E-11,,,,1.31,,,,26.9,40.13006193,,-106.098142,-0.229889387,,,,-0.229889387,P,-0.670676564,2,P6-P9,0.256664994,,,,,,,,,P6-P10,
02/25/2015,0.77677041,1201.2,1038.2,0.864302364,-0.83,11,,Type I,Graded,Graded,No Spike,P,1,1.08,0,0,,,69.7,1.67,,,,,,,,,,,,,,,,,,,,,,47.35730662,,,35.4,35.4,34.6,,20.20239641,-22.43,-38.20800867,18.64624065,0.845064951,211.1816406,2581.176758,3.688762281,18.82010952,20.70475895,0.196001106,,,,,,,40.02,-1500,,14.09912118,2.28451921,-27.21392994,9.824387661,19.29471682,,,132.5,0.83,0.88,52.6,20,-22.43,-38,29.42,19.7,N,47.94,Y,34.6,N,Y,3,1,,20,,,538,760000000,5.26E-11,,,,0.76,,,,17.55,10.21689155,,-28.48575712,0.013287356,0.9,42.1,7.9,0.013287356,M,-0.222763641,4,P1-P5,0.118401282,,,,167000000,,9.596714915,,,P1-P5,
03/09/2015,0.792264894,1362,946,0.694566814,,,,Type II,Graded,Graded,No Spike,T,1,,-0.6,,,,,,,,,,,,,,,,,,,,,,,,,,,9.775432875,,,37.1,37.1,,,20.21077378,,-55.60302859,32.80639722,1.620388601,169.0673828,1178.588867,2.953142058,8.593433784,-13.27852422,0.343650994,,,,,,,15.84,-615,,11.10839866,1.075532213,-31.06852546,-14.32407148,7.716110955,6,2,,,10,29.3,45,,-53,60,20.9,Y,10.17,,,Y,,3,,45,,,,481,239000000,2.93E-11,,,,0.239,,,,,7.257512626,,-9.279356061,0.911455735,,,,0.911455735,M,-0.570289305,4,P1-P5,0.139387863,,,,,,12.5628904,,,P1-P5,
03/11/2015,0.366183154,,,,,,,Type II,Graded,Graded,No Spike,T,3,,,,,,,,,,,,,,,,,,,,,,,,,,,,,,,,,,,,100.8999646,-2.441406305,-9.735107639,29.38842839,0.282628209,62.86621094,1008.300781,1.098099754,7.351813884,-58.99319771,0.149364466,,,,,,,,-500,,9.277343839,-0.549798302,-25.61577735,-57.52831987,5.3015099,15,3,,,,,130,,-64.61,,,,,,,N,,1,,130,,,,298,,,,,,,,,,,,,,,,,,,,,4,P1-P5,-0.103705984,,,,,,,,,P1-P5,
03/16/2015,0.653166805,6480.1,5607.3,0.865310721,1,2,,Type I,Graded,Baby,No Spike,M,8,1.12,0.44,0.44,,,41.31,1.8,,,,,,,,,,,,,,,,,,,,,,74.02672748,,,7.9,7.9,8,,130.9780881,-58.99047983,-63.81225729,30.60913154,0.285977791,1509.399414,6287.841797,26.36505527,45.84648103,-29.64430888,0.575072605,-596,11,,,,,21.17,-1500,,58.49139888,29.56529215,-50.69528063,-28.03369524,49.45461087,,,171.5,0.22,0.588,29.4,120,-43.58,-65,30,6.9,N,33.16,N,7.5,Y,N,2,2,120,120,-36.3478,10.96,2850,719000000,2.94E-11,,,,0.719,,,,16.5,96.79499291,,-50.94473311,0.576943942,4.15,16.2,3.5,0.514428697,M,-0.814946826,4,P6-P9,0.597826808,,,,180000000,,0.299639046,,2.516778523,P6-P10,
04/20/2015,1.281165321,2412,2111,0.875207297,,,,Type II,Graded,Graded,No Spike,T,5,,,,,,,,,,,,,,,,,,,,,,,,,,,,,33.02463813,,,19.2,,,,40.40359604,-33.44726637,-58.7463392,40.00854582,0.782446121,442.5048828,3516.845703,7.729342931,25.64234359,-4.735383764,0.301428881,,,,,,,25.84,-2300,,26.26980067,4.482337425,-28.49787131,-11.25751183,28.5099223,,,,,1.2,39,40.9,,-60.06,32.53,17.9,Y,31.32,,,Y,,1,,40.9,,,,1163,663000000,3.9E-11,,,,0.663,,,,,29.84013158,,-59.01315789,-0.174621998,,,,-0.174621998,P,-0.515391509,4,P1-P5,0.157220261,,,,,,2.484040386,,,P1-P5,
04/21/2015,0.658540099,,,,,,A,,Graded,Transient,No Spike,,6,,,,,,,,,,,,,,,,,,,,,,,,,,,,,45.74803651,,,23.4,,,10.03,20.15548311,-43.24,-58.41064584,20.56884812,0.788449139,167.2363281,1203.613281,2.921158569,8.775894056,-16.26095071,0.332861649,,,,,,,36.07,-523.3,,7.26318366,1.755277966,-42.29802323,-11.44437005,6.398282258,,,,,0.8,,20,-43.24,-58.38,,10.7,,41.75,,,Y,,2,,20,,,,322.8,,,,,,,,,,,,,,-0.053655361,,,,-0.053655361,P,,4,P6-P9,0.274335813,,,,,,8.010520294,,,P6-P10,
05/07/2015,0.54719707,6585.1,5783.1,0.878209898,1,2,A,Type I,Graded,Baby,No Spike,M,10,1.25,0.52,0.52,,,11.32,2.8,,,,,,,,,,,,,,,,,,,,,8.718,34.49524115,3.956783798,,8.8,8.8,7.5,,70.5482599,-53.16162228,-57.52563605,20.72143601,0.29047485,1043.09082,4955.444336,18.21992699,36.13158411,-24.30342426,0.504265933,,,,-4.64,7.3,0.6,10.02,-1555,2.6,48.26660166,12.79252035,-38.50311091,-24.94558621,40.89350915,,,289.94,0.23,0.5,23.7,90,-41.02,-58.09,24.96,8.4,N,12.32,N,6.5,Y,N,3,2,90,,-32.9,,2135,423000000,2.37E-11,,,2.6,0.423,,,,10.2,90.13023952,4.8,-65.64520958,0.407498605,1.9,15.6,6.2,0.407498605,M,-0.710732212,4,P10+,0.312825204,,,,280000000,,0.482987665,6.7,,P6-P10,
05/07/2015,1.03,1769.4,1639.4,0.926528767,-1,3,B,Type I,Transient,Transient,Spike,P,10,0.92,-0.15,-0.15,,,7.1,5.75,,,,,,,,,,,,,,,,,,,,,,41.77238045,,,10.1,9.6,9.6,8.65,40.47300857,-48.86,-58.96,37.05,0.266922782,377.8076172,2080.078125,6.599259689,15.16645383,-19.94738724,0.43512213,-2305,10.6,,,,,11.15,-2350,,18.06640633,4.36216694,-34.29047798,-20.06918698,14.23666474,,,,0.25,1.03,38.5,50,-48.86,-58.96,37.05,10.1,Y,13.85,N,6.2,Y,Y,3,2,50,,-27.2476,,824,290000000,3.85E-11,,,,0.29,,,,4.23,21.43139013,5.1,-61.12107623,-0.069090123,6.23,14.5,11.7,-0.069090123,P,-0.586772536,2,P10+,0.306403713,,,,575000000,,1.530474701,,1.019522777,P6-P10,
05/20/2015,1.122614432,,,,,,A,,Transient,Transient,Spike,,2,,,,,,,,,,,,,,,,,,,,,,,,,,,,,34.4230158,,,28.8,,,16.35,20.13154776,-32.19604564,-49.65210072,31.55517649,1.996919747,85.44921875,891.7236328,1.492562773,6.501816034,-35.31235395,0.229560905,,,,,,,68.74,-1248.8,,11.84082053,-0.607058182,-24.65642489,-31.95813807,6.945433266,,,69.57,,1.9,,20.1,,-57.68,,28.3,N,32.92,Y,,Y,,3,,20.1,,,,461,,,,,,,,,,,,,,-0.109648566,,,,-0.109648566,P,,2,P1-P5,-0.087403933,,,,,,19.29567086,,,P1-P5,
05/20/2015,0.664871629,,,,,,B,,Graded,Graded,No Spike,,2,,,,,,,,,,,,,,,,,,,,,,,,,,,,,37.81611303,,,26.6,,,,19.99176529,,-47.57690536,19.31762738,1.416327478,125.7324219,1428.833008,2.196199509,10.41803651,-11.65326364,0.210807431,,,,,,,53.56,-2022.7,,12.87841807,0.244364315,-24.69404482,-11.70479496,9.408470896,,,,,0.83,,20,,-51.09,,13,,56.67,,,N,,3,,20,,,,469,,,,,,,,,,,,,,-0.012279989,,,,-0.012279989,P,,4,P1-P5,0.025972798,,,,,,12.11183223,,,P1-P5,
07/15/2015,1.244753188,,,,,,A,,Transient,,Spike,,9,,,,,,,,,,,,,,,,,,,,,,,,,,,,,,,,10.2,,,12.07,80.7102539,-63.29345845,-67.84057769,34.97314531,0.549024885,1324.462891,7341.308594,23.13472299,53.52761345,-14.14871283,0.432201653,,,,,,,,-2534.9,,63.23242311,19.46197097,-35.99569756,-22.62993789,69.97002717,,,325.97,,,,,,,,,N,,,,Y,,3,,,,,,,,,,,,,,,,,,,,,,,,,,,2,P6-P9,0.278147255,,,,,,0.440895705,,,P6-P10,
07/15/2015,0.500311084,,,,,,A019+,,Transient,,Spike,,9,,,,,,,,,,,,,,,,,,,,,,,,,,,,,,,,7.9,,,7.14,100.8152334,-53.07006955,-56.42700321,27.61840882,0.229853828,1324.462891,6211.547852,23.13472299,45.29019971,-17.9177261,0.510810797,,,,,,,,-2813.7,,68.2390056,87.86247277,,-21.05183027,48.60814656,,,246.85,,,,,,,,,N,,,,Y,,3,,,,,,,,,,,,,,,,,,,,,,,,,,,2,P6-P9,1.807566817,,,,,,0.341478046,,,P6-P10,
07/29/2015,2.308508759,2733.4,2382.8,0.871734836,-0.43,4,A,Type I,Transient,Transient,Spike,P,5,1.36,-0.27,-0.27,,,41.86,1.08,,,,,,,,,,,,,,,,,,,,,4.8,27.16813923,5.660029006,,25.3,31.8,31.8,19.72,20.12891487,-30.18188544,-49.01123156,31.37207101,0.483286687,230.1025391,3826.904297,4.019258325,27.90307086,4.485427276,0.144043584,-719,11,,-5.74,7.9,-2.4,13.13,-1000,,29.23584004,1.875433026,-20.20682478,-5.763613089,38.21508381,,,183.85,0.49,1.3,30.2,20,-43.67,-50,27.34,24.2,N,13.09,N,13.3,Y,N,1,3,20,,-7.393,,864,435000000,3.02E-11,,,,0.435,,,,12.21,28.62452399,5.1,-33.1302361,-0.189858204,4.46,41.1,23.6,-0.189858204,P,-0.384091603,2,P1-P5,0.049075727,,,,108000000,,6.294693686,10.3,1.390820584,P1-P5,
08/13/2015,2.204089883,4662.5,3581.5,0.768150134,1,2,,Type I,Transient,Transient,Spike,M,6,1.55,0.07,0.07,,,108.88,1,,,,,,,,,,,,,,,,,,,,,,52.46837856,,,17.1,24.8,24.8,9.65,50.40594123,-61.4929213,-62.86621234,47.0886241,0.461039595,639.0380859,4561.157227,11.16223731,33.25672226,-9.398936208,0.335638528,,,,,,,24.19,-2442.6,,63.72070362,5.838632548,-27.23877908,-20.20048413,43.89531941,,,262.74,0.56,1.35,50.3,50,-39.73,-63.63,46.36,8.6,N,18.88,N,24.9,Y,N,2,1,100,,-22.92,,1859,481000000,5.03E-11,,,,0.481,,,,9.76,36.96482017,3.9,-48.56926829,0.281653622,5.04,24.6,6.2,0.074216672,M,-0.774058088,2,P6-P9,0.133012645,,,,100000000,,1.531950945,,,P6-P10,
08/25/2015,0.833178356,,,,,,F,Type I,Intermediate,Transient,Spike,P,2,,,,,,,,,,,,,,,,,,,,,,,,,,,,,40.55123723,,,19.4,,,23.66,30.39191607,-31.12793038,-46.41723737,21.82006885,0.548688561,391.2353516,1746.21582,6.833805268,12.73216678,-19.39362487,0.53673545,,,,,,,22.25,-1538.1,,23.13232454,3.099409492,-47.68267016,-22.79860754,14.54939967,,,109.04,,1.28,25.4,20.8,,-46.66,17.03,17.9,N,48.42,,,Y,,3,,20.8,,,,1005,877000000,2.54E-11,,,,0.877,,,,24.09,39.61280899,,-60.62533483,-0.069198692,,,,-0.069198692,P,-0.248423122,3,P1-P5,0.213026624,,,,,,2.838828331,,,P1-P5,
09/28/2015,0.446114129,,,,,1,,Type I,Graded,Graded,No Spike,M,9,0.96,0.31,0.31,,,35.45,2.3,,,,,,,,,,,,,,,,,,,,,,67.97320235,,,8.6,8.6,6.8,,100.9315592,-61.52343888,-64.91089012,26.58081114,0.642164831,1179.80957,6095.581055,20.60802742,44.44465211,-15.15584526,0.46367845,,,,,,,43.65,-2730,,59.93374988,18.85178304,-68.29453079,-22.0598101,55.04607321,,,117.34,0.29,0.39,68.3,100.8,-49.44,-67,18.07,10.8,,43.6,Y,6.4,Y,N,3,2,100.8,,-33.9753,,2875,639000000,6.83E-11,,,,0.639,,,,5.7,42.08762887,,-39.96494845,0.415629729,1.92,21.3,9.1,0.345989904,M,-0.745168847,4,P6-P9,0.342472804,,,,230000000,,0.417313109,,,P6-P10,
10/19/2015,1.388,,,,,,B,Type I,Slow,Slow,Spike,M,4,,,,,,,,,,,,,,,,,,,,,,,,,,,,,92.14023468,,,15.7,,,25.2,20.07529967,-34.30175858,-44.67773537,41.87011812,0.15248496,354.0039063,2946.777344,6.183474346,21.48580959,-10.32917858,0.287793407,,,,,,,14.05,-2794.8,,20.64375501,2.816090374,-24.53662239,-13.59216607,23.13421841,,,380.3,,3.58,43.181,9.8,,-40,28.99,15,N,3.9,,,Y,,1,,9.8,,,,1254,326000000,4.3181E-11,,,,0.326,,,,51.38,29.09637011,,-64.84731673,0.493381993,,,,0.493381993,M,-0.540244327,1,P1-P5,0.121728356,,,,,,2.539025655,,,P1-P5,
10/19/2015,4.525115279,,,,,,C,Type I,Intermediate,Intermediate,Spike,M,4,,,,,,,,,,,,,,,,,,,,,,,,,,,,,23.36402933,,,18,,,21.74,30.28133473,-41.56494234,-61.15722793,65.15503075,0.879985199,180.0537109,2987.060547,3.145042985,21.77952613,7.31113548,0.144403646,,,,,,,20.56,-1990,,17.8222658,1.67485742,-15.1343284,2.011234573,23.10629423,,,276.1,,5.2,14.1,20.8,,-60.5,50.05,15.1,N,19,,,N,,1,,20.8,,,,618,1460000000,1.41E-11,,,,1.46,,,,9.17,43.88521401,,-141.3132296,0.245145081,,,,0.245145081,M,-0.559934095,3,P1-P5,0.0724849,,,,,,5.723292205,,,P1-P5,
11/02/2015,0.435010266,1695,1376,0.81179941,,,,Type II,Graded,Graded,No Spike,T,1,,-0.6,,,,,,,,,,,,,,,,,,,,,,,,,,7,154.0129516,22.00185023,,13.3,,,,141.12237,-17.70019571,-32.40966869,43.02978612,0.222318965,176.3916016,1572.875977,3.08107601,11.46829564,-17.44883464,0.268660323,,,,,,,34.24,-1449.6,,14.49584967,0.813264104,-23.19327463,-16.15664067,11.61579017,,,95.81,,0.36,375,60.4,,-29,14.37,10.4,N,6.1,,,N,,3,,60.4,,,,573,91300000,3.75E-10,,,9.99,0.0913,,,,,1.527888435,,-3.865317757,0.613732135,,,,0.613732135,M,-0.339353425,4,P1-P5,0.07001367,,,,,,4.316673771,,,P1-P5,
11/04/2015,1.194000083,2810.4,2143.6,0.7627384,1,4,,Type I,Transient,Transient,Spike,M,3,1.18,0,0,,,128.03,12.98,,,,,,,,,,,,,,,,,,,,,8.5,57.73722965,6.792615253,,27.6,40.2,40.2,14.89,20.21197055,-41.47,-48.30932725,24.99389704,1.656123797,216.0644531,2513.427734,3.774051583,18.32613171,-0.617775215,0.205938255,,,,-18.4,7.3,-3.1,95.62,-2850,11.5,22.70507834,1.692056126,-21.50265843,-9.350356448,21.4983243,,,86.5,0.99,1.46,55.2,20.8,-41.47,-51.6,25.73,22.5,N,65,Y,12.7,Y,N,1,1,20.8,,-11.63952,,791,1730000000,5.52E-11,,,11.5,1.73,,,,19.8,14.31112738,,-51.56348044,0.118530081,3.88,49.5,20.1,0.118530081,M,-0.273285755,2,P1-P5,0.078706419,,,,1298000000,,7.313095593,10.4,,P1-P5,
11/04/2015,1.696014282,3239.7,2600.7,0.802759515,-1,7,,Type I,Intermediate,Intermediate,Spike,P,3,1.576,-0.25,-0.25,,,,,,,,,,,,,,,,,,,,,,,,,10.1,53.10491678,5.257912553,,35.6,44.9,44.9,30.74,20.09803826,-50.87,-58.5,45.07,0.938896114,302.1240234,3319.091797,5.277275518,24.20046242,2.364187771,0.218065069,,,,-13,7.3,-3.1,49.86,-2113,4,28.74755881,2.947507753,-16.95609188,-1.638372558,24.48295117,,,88.53,0.29,2.9,16.4,29.9,-50.87,-58.5,45.07,24.6,N,55.83,Y,26.9,Y,N,1,1,29.9,,-9.47405,,932,3040000000,1.64E-11,,,4,3.04,,,,31.016,56.82470919,,-128.8311272,-0.116029798,3.36,54.2,42.1,-0.116029798,P,-0.425805491,3,P1-P5,0.120390215,,,,,,6.745905132,10.4,,P1-P5,
11/04/2015,0.558038871,,,,,,,,Graded,,No Spike,,3,,,,,,167.43,19.8,,,,,,,,,,,,,,,,,,,,,,,,,18.5,,,,30.31364746,-40.03906339,-57.18994268,44.70825295,1.72849752,131.8359375,2169.189453,2.302811135,15.81619041,-1.637579661,0.145598344,,,,,,,,,,20.01953146,0.779732669,-19.02805659,-4.481648128,15.10735479,,,,,,,,,,,,,,,,Y,,1,,,,,,,,,,,,,,,,,,,,,,,,,,,4,P1-P5,0.051612786,,,,1980000000,,8.033659261,,,P1-P5,
11/04/2015,1.05476513,,,,,3,,Type I,Intermediate,Intermediate,Spike,M,3,0.85,0.47,,,,,,,,,,,,,,,,,,,,,,,,,,7.6,189.8101445,24.97501901,,,,,30,30.16548761,-22.43042042,-43.88427832,27.31323303,0.35941177,151.3671875,3261.108398,2.643968341,23.77768861,-1.17422744,0.111195347,,,,,,,68.22,-2961.4,,26.97753926,-0.373864917,-16.29491941,-4.117040177,23.52378419,,,,,2.48,274,19.5,,-40,20.6,23.1,,55.16,,,N,,1,,19.5,,,,802,249000000,2.74E-10,,,13.7,0.249,,,,,2.927264732,,-10.80897977,0.221620764,,,,0.221620764,M,-0.251669908,3,P1-P5,-0.01589306,,,,,,,,,P1-P5,
11/11/2015,0.56,6905.5,5856.8,0.848135544,1,1,,Type I,Transient,Transient,Spike,M,10,,0.32,0.32,,,30.06,5.3,,,,,,,,,,,,,,,,,,,,,,81.41784626,,,7.7,5.8,5.8,3.93,130.2820528,-53.31,-61.79809708,22.64,0.216782939,1503.90625,7632.446289,26.2691048,55.65038296,-28.14700775,0.472038168,-1409,5.1,,,,,17.65,-5706.2,,62.8662114,34.48178671,-40.74238878,-25.51768474,54.21625638,,,,0.13,0.51,75.5,130.6,-53.31,-57,9.25,7.1,Y,6,N,4.5,Y,N,3,1,130.6,,-33.0921,,2857,234000000,7.55E-11,,,,0.234,,,,17.5,37.87750708,,-75.6516034,0.456423795,3.81,12.5,7.7,0.300251317,M,-0.984470415,2,P10+,0.636004568,,,,530000000,,0.29312,,4.049822569,P6-P10,
11/23/2015,0.772493238,,,,,,A,,Transient,Transient,Spike,,5,,,,,,,,,,,,,,,,,,,,,,,,,,,,,36.16658142,,,16.2,,,16.47,50.58114803,-23.28491263,-46.72241315,26.91650451,0.311060641,332.6416016,3242.797852,5.810333652,23.6441811,-5.562333652,0.245740532,,,,,,,11.25,-2354.7,,33.63037139,3.36371733,-24.17081687,-11.69932763,26.33439397,,,72.26,,0.72,,50.7,,-55,,15.3,N,25.46,,,Y,,1,,50.7,,,,1155,,,,,,,,,,,,,,-0.159864486,,,,-0.159864486,P,,2,P1-P5,0.127730956,,,,,,2.788135926,,,P1-P5,
11/30/2015,3.50028872,2211,2076,0.938941655,,,B,Type II,Transient,Transient,Spike,T,8,,-0.6,,,,,,,,,,,,,,,,,,,,,,,,,,10.38,41.66174995,4.013656064,,13,,,16.11,70.68277659,-60.54687635,-63.17138813,57.67822395,0.470935571,375.3662109,5517.578125,6.556615038,40.23026485,3.931077084,0.162977178,,,,-6.2,7.3,-2.4,19.62,-1641.2,,30.39550811,4.096433147,-22.60944123,10.07329905,51.16142713,1,1,,,3.5,36.8,70.8,,-63.8,57.98,12.4,Y,1.53,,,N,,2,,70.8,,,,1140,516000000,3.68E-11,,,2.818,0.516,,,,,29.98165138,,-43.1630581,0.39716096,,,,0.39716096,M,-0.793541369,2,P6-P9,0.080068782,,,,,,1.982730407,9.7,,P6-P10,
12/07/2015,2.227513015,,,,,,A,,Transient,Transient,Spike,,2,,,,,,,,,,,,,,,,,,,,,,,,,,,,,50.47200183,,,20.5,,,27.99,30.35266208,-32.62329174,-57.83081184,42.0532236,0.986883781,276.4892578,1577.148438,4.829506686,11.49944739,-12.65337235,0.419977284,,,,,,,49.81,-1812.7,,14.77050793,3.179178442,-26.91099478,-14.36331327,11.04833923,,,114.63,,2.35,,30,,-58.9,,19.4,N,30.18,,,Y,,3,,30,,,,682,,,,,,,,,,,,,,0.052102133,,,,0.052102133,M,,2,P1-P5,0.287751704,,,,,,4.244739956,,,P1-P5,
12/07/2015,0.963852607,,,,,,B,,Graded,Graded,No Spike,,2,,,,,,,,,,,,,,,,,,,,,,,,,,,,,20.77819984,,,21.5,,,,20.08942153,,-45.34912211,25.72631893,1.731141306,120.8496094,1740.112305,2.110910208,12.68766428,-3.835605469,0.166375005,,,,,,,35.97,-1499,,21.66748072,0.596448114,-20.14904677,-5.205005778,13.5759281,,,80.25,,0.93,,19.5,,-45,,15.1,N,65.65,,,Y,,3,,19.5,,,,669,,,,,,,,,,,,,,-0.059727749,,,,-0.059727749,P,,4,P1-P5,0.043934242,,,,,,10.1851798,,,P1-P5,
01/13/2016,0.487829244,,,,,,A,,Graded,Graded,No Spike,,7,,,,,,,,,,,,,,,,,,,,,,,,,,,,,67.56480197,,,10.6,,,,100.7927342,-55.75561648,-61.43188614,27.77099671,0.27558728,830.6884766,4736.938477,14.50984239,34.53839442,-16.59347511,0.420107612,,,,,,,18.62,-3458,,40.1000978,11.41449099,-34.40489121,-19.1391061,41.43043546,,,198.95,,0.48,,101.3,,-61.71,,9,N,30.6,,,Y,,2,,101.3,,,,1742,,,,,,,,,,,,,,0.058841896,,,,0.058841896,M,,4,P6-P9,0.2755098,,,,,,0.730538604,,,P6-P10,
01/13/2016,1.29,,,,,1,B,Type I,Transient,Transient,Spike,M,7,1.19,,,,,,,,,,,,,,,,,,,,,,,,,,,,29.2026814,,,11.5,,16,11,40.37750651,-32.2570808,-45.37963969,21.91162158,0.297917848,646.9726563,5015.869141,11.30083242,36.57215891,-4.408756677,0.309000966,,,,,,,8.7,-3471,6.2,42.05322304,7.766960204,-24.89696543,-11.04081978,40.29867353,,,407.74,,0.29,23.5,40,,-42.91,18.25,8.4,N,29.6,,,Y,,2,,101.3,,,,1744,370000000,2.35E-11,,,,0.37,,,,,74.17011494,,-147.6172414,0.180088693,,,,,,-0.538898341,2,P6-P9,0.192734885,,,,,,1.017624151,,,P6-P10,
01/20/2016,2.09195377,,,,,,A,,Transient,Transient,Spike,,6,,,,,,,,,,,,,,,,,,,,,,,,,,,,,49.33106203,,,39.9,,,10.51,40.51704962,-37.53662193,-55.20630006,38.23852625,0.604081866,291.7480469,4573.974609,5.096035754,33.35017752,1.02729999,0.152803857,,,,,,,29.8,-2422.5,,40.46630894,2.108180053,-24.16003934,-3.736835336,33.91929372,,,278.93,,2.1,,40.9,,-55.27,,14.5,N,32.8,,,N,,2,,40.9,,,,1187,,,,,,,,,,,,,,0.131943489,,,,0.131943489,M,,2,P6-P9,0.062152829,,,,,,7.829615396,,,P6-P10,
01/20/2016,1.654105629,5013.4,4338,0.865281047,,1,B,Type I,Transient,Transient,Spike,M,6,1.63,0.19,0.19,,,118.28,,,,,,,,,,,,,,,,,,,,,,,57.7066075,,,16.5,20.2,20.2,14.93,50.61154593,-39.85595792,-56.76269658,41.74804781,0.551236702,505.3710938,4053.955078,8.827442686,29.55856406,-10.03671162,0.298642474,-430,11,,,,,31.81,-3136.6,3.53,53.58886764,3.395707459,-27.26782237,-15.95177358,32.60824237,,,91.21,0.45,1.67,49.2,50.7,-32.96,-58.5,25.67,13.9,N,36.6,N,13.7,Y,N,2,,50.7,,-21.3779,,1752,647000000,4.92E-11,,,,0.647,,,,,35.63483181,,-63.7969255,0.142568447,29.4,25.5,30.9,,,-0.591208697,2,P6-P9,0.104136476,,,,,,1.869171014,,7.294418605,P6-P10,
03/04/2016,0.806108595,,,,,,A,,Graded,Graded,No Spike,,6,,,,,,,,,,,,,,,,,,,,,,,,,,,,,43.71120348,,,14.5,,,,30.2526123,,-57.98339973,20.14160201,0.756785386,522.4609375,3496.704102,9.12595524,25.49548533,-12.26958345,0.35794397,,,,,,,33.08,-2848.5,,32.6538088,6.006742278,-30.04911782,-13.67184908,26.15076412,,,193.65,,0.38,,50.7,,-60.58,,10.5,N,38.78,,,N,,2,,50.7,,,,1269,,,,,,,,,,,,,,-0.050497792,,,,-0.050497792,P,,4,P6-P9,0.229696626,,,,,,1.588874766,,,P6-P10,
03/04/2016,2.25636966,,,,,,B,,Transient,Transient,Spike,,6,,,,,,,,,,,,,,,,,,,,,,,,,,,,,152.2851226,,,29.3,,,18.18,20.10162856,-35.58349689,-55.48095827,36.65161215,0.453491443,,,,,,,,,,,,,69.06,-1466.1,,,1.375184328,-21.03721487,10.1937556,15.10140185,,,168.72,,1.4,,40.3,,-61.5,,31,N,40.24,,,N,,2,,40.3,,,,491,,,,,,,,,,,,,,-0.321307837,,,,-0.247230099,P,,2,P6-P9,0.091063356,,,,,,,,,P6-P10,
03/04/2016,2.210425777,,,,,,C,,Transient,,Spike,,6,,,,,,,,,,,,,,,,,,,,,,,,,,,,,,,,31.5,,,34.64,30.2959353,-33.66088942,-60.45532362,50.78125114,1.223321739,140.9912109,2647.094727,2.462728575,19.30073658,10.92455656,0.127597647,,,,,,,,-618.9,,12.26806652,3,,,20,,,175.78,,,,,,,,,N,,,,,,2,,,,,,,,,,,,,,,,,,,,,,,,,,,2,P6-P9,0.15,,,,,,12.79069091,,,P6-P10,
04/04/2016,2.567556633,5227.1,4705.2,0.900154962,,4,,Type I,Transient,Transient,Spike,M,7,1.61,0.24,0.24,,,47.23,0.34,,,,,,,,,,,,,,,,,,,,,8.2,42.22882039,5.149856146,,16.2,14.9,14.9,9.14,50.54356952,-40.86303802,-61.24878067,44.52514748,0.410856847,363.1591797,4059.448242,6.343391785,29.59861632,-10.71946969,0.214313795,-963,6.7,,-4.67,7.3,-3.1,17.35,-2355.3,5.5,66.51470819,2.302629776,-23.17412497,-18.61103955,41.68334365,,,268.48,0.35,2.5,35.1,50.7,-46.78,-61.43,40.22,15.4,N,19.12,N,13.8,Y,N,2,3,50.7,,-15.77491,,1336,495000000,3.51E-11,,,5.5,0.495,,,,8.38,38.11642651,4.9,-67.19731988,0.075428546,4.52,24.2,17.3,0.075428546,M,-0.650656665,2,P6-P9,0.055241005,,,,34000000,,2.55383879,10.4,2.445794393,P6-P10,
04/06/2016,4.446536816,,,,,,A,,Transient,,Spike,,9,,,,,,,,,,,,,,,,,,,,,,,,,,,,,,,,7.1,,,6.38,90.75185307,-62.65258929,-66.86401517,66.80298001,0.279578045,,,,,,,,,,,,,,-2894,,,5,,,30,,,,,,,,,,,,Y,,,,,,3,,,,,,,,,,,,,,,,,,,,,,,,,,,2,P6-P9,0.166666667,,,,,,,,,P6-P10,
04/11/2016,4.674891355,,,,,,B,Type I,Intermediate,Intermediate,Spike,M,4,,,,,,,,,,,,,,,,,,,,,,,,,,,,6.9,46.81283025,6.784468151,,21.3,,,26.63,30.34548148,-37.75024498,-57.12890753,62.22534319,0.8839457,276.4892578,2666.625977,4.829506686,19.4431446,-6.947179469,0.248391234,,,,-10.22,7.3,-2.4,41.38,-3435.7,6.7,33.50830112,2.944475319,-24.15670289,-12.19927325,21.08310449,,,172.57,,6.3,19.1,11,,-58.2,66.44,20.5,N,51.75,,,Y,,1,3,11,,,,1054,2170000000,1.91E-11,,,6.7,2.17,,,,19.07,55.27259546,5,-180.1708313,0.243518368,,,,0.243518368,M,-0.622822542,3,P1-P5,0.139660424,,,,,,4.410388345,9.7,,P1-P5,
04/20/2016,0.449789081,5774,5127,0.887945965,,,A,Type II,Transient,Transient,Spike,T,8,,-0.6,,,,,,,,,,,,,,,,,,,,,,,,,,6.359,58.36284985,9.177991799,,7.8,,,9.66,60.53705863,-49.13330188,-55.48095827,24.6276861,0.262838433,886.2304688,6909.790039,15.48000819,50.38128632,-6.02864827,0.307257105,,,,-4.27,,,15.34,-4000,,45.80688497,11.79206894,-27.04317202,-7.440675731,53.0941354,8,2,260,,0.43,50.3,60,,-53.86,11.84,6.9,N,4.8,,,N,,2,,60,,,,2047,305000000,5.03E-11,,,7.84,0.305,,,,,40.69980443,5,-79.53063885,0.308413254,,,,0.308413254,M,-0.720085016,2,P6-P9,0.222097391,,,,,,0.503875702,,,P6-P10,
05/11/2016,1.505125921,3601.7,3157.3,0.876613821,-0.8,4,A,Type I,Intermediate,Intermediate,Spike,P,5,1.41,-0.14,-0.14,,,12.47,6.9,,,,,,,,,,,,,,,,,,,,,6.4,45.74036183,7.146931536,,15.7,17.9,17.9,19.36,40.26668582,-31.49414133,-53.16162228,40.55786223,0.341929958,396.7285156,4268.188477,6.929755731,31.120602,0.067384671,0.222674219,-1181,11.2,,-5.52,7.3,-2.4,15.64,-2498.8,7.2,33.14209013,4.47656516,-23.45744016,-4.5603182,32.77355893,,,169.99,0.56,1.5,27.1,40,-35.15,-51,33.08,16.3,N,14.47,N,9.2,Y,Y,1,1,40,,-14.857,,1154,564000000,2.71E-11,,,7.2,0.564,7.6,730769230.8,2.01979E-11,14.76,41.61483376,5,-90.11017903,0.035086932,8.24,24.4,19.9,0.035086932,M,-0.562664494,3,P1-P5,0.136590755,,,,690000000,,2.265592123,9.7,2.115834039,P1-P5,
05/11/2016,3.131221609,3849.5,3381.3,0.878373815,-1,4,B,Type I,Intermediate,Intermediate,Spike,P,5,1.07,-0.2,-0.2,,,169.8,1,,,,,,,,,,,,,,,,,,,,,8.2,40.99999196,4.99999902,,22.6,49.3,49.3,54.35,20.11263883,-34.33227616,-56.85424932,42.51098728,0.583170846,399.1699219,4622.192383,6.972400383,33.70174731,3.024461781,0.206885427,-733,7.3,,-8.27,8.5,-3.1,23.91,-1847.5,7.2,27.61840843,3.672272486,-20.92279372,1.022099988,31.70255497,,,170.9,0.59,1.85,32.7,20.1,-50.51,-57.2,35,22.6,N,32.67,N,43.7,Y,N,1,1,20.1,,-12.20222,,1166,731000000,3.27E-11,,,7.2,0.731,7.1,682692307.7,6.11989E-11,41.78,35.64809703,5,-56.48358427,-0.201670845,6.77,70,49.5,-0.201670845,P,-0.458925043,3,P1-P5,0.115835222,,,,100000000,,3.241351437,11.6,2.520463847,P1-P5,
05/16/2016,4.565371344,,,,,,A,Type I,Transient,Intermediate,Spike,M,10,,,,,,,,,,,,,,,,,,,,,,,,,,,,6.5,38.02916056,5.850640086,,11.8,,,8.71,80.86703047,-56.94580205,-58.95996226,62.3474135,0.19721708,956.4208984,7127.075195,16.70604189,51.96557551,4.470345354,0.321482861,,,,-2.17,7.3,-3.1,7.5,-3322.1,4.8,47.85156261,11.03767953,-35.0718984,-6.366680014,60.3844297,,,293.18,,1.84,46.7,80.6,,-59.9,60.4,10.8,N,10.73,,,N,,3,,80.6,,,,1995,264000000,4.67E-11,,,4.8,0.264,1.62,155769230.8,3.24198E-11,5.05,42.61165049,4,-70.95747573,0.248599869,,,,0.290666178,M,-0.961088312,2,P10+,0.182790159,,,,,,0.706331283,10.4,,P6-P10,
05/18/2016,4.905828979,,,,,,A,Type I,Intermediate,Intermediate,Spike,M,7,,,,,,,,,,,,,,,,,,,,,,,,,,,,6.8,30.95716767,4.552524658,,10.2,,,6.41,40.3770278,-58.22754036,-62.04223771,67.99316558,0.529118173,439.453125,3909.912109,7.676037118,28.50830493,2.598314528,0.269256174,,,,-4.97,7.3,-2.4,16.38,-2989.5,6.5,23.80371097,4.972681428,-28.7939559,-0.101484324,29.64535727,,,,,5.05,27.5,40.3,,-61,67.38,8.2,Y,12.81,,,N,,2,,40.3,,,,1026,595000000,2.75E-11,,,6.5,0.595,3.42,328846153.8,1.45053E-11,4.77,37.26923077,5.8,-108.5929487,0.462621669,,,,0.462621669,M,-0.815282423,3,P6-P9,0.167738961,,,,,,1.328810667,9.7,,P6-P10,
05/25/2016,1.931772584,,,,,,A,,Transient,Transient,Spike,,7,,,,,,,,,,,,,,,,,,,,,,,,,,,,,43.9206802,,,12.7,,,16.76,50.41719085,-60.94360488,-62.5000014,45.56274516,0.526403505,484.6191406,3990.478516,8.464963155,29.09573801,-4.559789756,0.290934815,,,,,,,23.12,-1756.5,,30.7617189,5.866439284,-26.44382296,-7.639922865,31.36121787,,,136.2,,2,,51.3,,-62.56,,11.8,N,27.77,,,Y,,2,,51.3,,,,1176,,,,,,,,,,,,,,0.116365797,,,,0.116365797,M,,2,P6-P9,0.187060315,,,,,,1.500301864,,,P6-P10,
07/01/2016,0.202839526,,,,,,A,,Graded,Graded,No Spike,,12,,,,,,,,,,,,,,,,,,,,,,,,,,,,,36.81464872,,,4.9,,,,151.190298,-55.51147585,-62.86621234,17.8527836,0.196932478,1489.257813,5803.833008,26.01323691,42.31743235,-31.73301539,0.614716807,,,,,,,7.25,-918.6,,54.68280505,33.57661714,-52.51988034,-30.09285957,50.17406651,,,,,0.16,,100,,-64.12,,4.1,Y,8.5,,,Y,,3,,100,,,,2684,,,,,,,,,,,,,,0.599510272,,,,0.599510272,M,,4,P10+,0.669202627,,,,,,0.188365639,,,P6-P10,
09/02/2016,0.37241187,,,,,,A,,Graded,Graded,No Spike,,16,,,,,,,,,,,,,,,,,,,,,,,,,,,,,25.25739142,,,20.4,,,,20.21292796,,-65.03296044,15.56396519,1.34099359,1038.818359,6604.614258,18.14529885,48.15616106,-6.852037375,0.376801191,,,,,,,33.87,-3865.9,,45.55838462,16.65671123,-26.14278239,-15.91024576,57.42402739,,,133.92,,0.37,,71.4,,-63.93,,8.1,N,50.4,,,Y,,3,,71.4,,,,2194,,,,,,,,,,,,,,0.094573032,,,,0.094573032,M,,4,P10+,0.290065187,,,,,,1.124258144,,,P6-P10,
09/06/2016,1.882905188,,,,,,A,,Transient,,Spike,,12,,,,,,,,,,,,,,,,,,,,,,,,,,,,,,,,5.7,,,4.85,121.0846488,,-64.78881981,41.53442476,0.116834512,1120.605469,3651.733398,19.57389466,26.62584896,-68.42072028,0.735146312,,,,,,,,-2930.3,,,22.10661237,-58.19722233,-56.27418553,26.22066802,,,,,,,,,,,,Y,,,,N,,3,,,,,,,,,,,,,,,,,,,,,,,,,,,2,P10+,0.843098748,,,,,,0.291204183,,,P6-P10,
09/29/2016,0.741632549,,,,,,A,,Graded,Graded,No Spike,,9,,,,,,,,,,,,,,,,,,,,,,,,,,,,,22.71869585,,,27.5,,,,40.35428921,,-59.78393688,34.82055742,1.015463218,188.5986328,1264.648438,3.294299263,9.220919115,-11.79489033,0.357263655,,,,,,,23.07,-156.3,,10.00976586,1.651210754,-32.0738104,-13.51135812,8.646987707,,,126.77,,0.42,,60,,-59.08,38.36,16.7,N,13.2,,,N,,3,,60,,,,495,,,,,,,,,,,,,,-0.101321005,,,,-0.101321005,P,-0.450535268,4,P6-P9,0.190957916,,,,,,8.347754046,,,P6-P10,
10/05/2016,0.42157986,,,,,,A,,Graded,Graded,No Spike,,14,,,,,,,,,,,,,,,,,,,,,,,,,,,,,16.36148915,,,10,,,,80.70546683,-57.891847,-62.46948382,28.77807682,0.448614422,651.2451172,2502.441406,11.37546056,18.2460272,-29.09262941,0.623448624,,,,,,,7.34,-902.7,,32.95898453,9.416092947,-64.04870606,-29.28350346,19.04108249,,,136,,0.47,,70,,-62.5,,11.4,N,6.56,,,Y,,3,,70,,,,1264,,,,,,,,,,,,,,0.047785925,,,,0.047785925,M,,4,P10+,0.494514582,,,,,,0.879085286,,,P6-P10,
10/10/2016,3.436217649,,,,,,A,,Intermediate,Intermediate,Spike,,15,,,,,,,,,,,,,,,,,,,,,,,,,,,,,54.75913392,,,22,,,14.25,30.21766669,-44.0673838,-69.45800937,59.11255015,1.298961377,426.0253906,1998.901367,7.441491539,14.57457051,-33.05542092,0.510580503,,,,,,,71.13,-1197.8,,18.72605547,5.93530784,-47.3400054,-32.74711935,13.10188302,,,,,3.7,,30.5,,-69.79,,20.7,Y,2.33,,,Y,,3,,30.5,,,,770.3,,,,,,,,,,,,,,0.400280654,,,,0.400280654,M,,3,P10+,0.453011818,,,,,,2.956396562,,,P6-P10,
10/10/2016,0.353340165,,,,,,B,,Graded,Graded,No Spike,,15,,,,,,,,,,,,,,,,,,,,,,,,,,,,,33.5404149,,,7.7,,,,100.8137973,-48.18725694,-52.52075313,23.16284231,0.163981275,776.3671875,3719.482422,13.56099891,27.11982677,-24.93658039,0.500040027,,,,,,,5.5,-1451.4,,41.77589353,7.862218678,-40.25025981,-26.13132894,31.5314862,,,179.33,,0.33,,80,,-53,,8,N,6.36,,,Y,,3,,80,,,,1606.4,,,,,,,,,,,,,,0.329528718,,,,0.329528718,M,,4,P10+,0.249345008,,,,,,0.56780478,,,P6-P10,
11/16/2016,0.22,3065.2,2837.5,0.925714472,-1,2,,Type I,Graded,Graded,No Spike,P,8,,-0.02,-0.02,,,4.1,3.08,,,,,,,,,,,,,,,,,,,,,7.24,21.76029963,3.005566247,,16.4,16.4,7.6,,70,-45.35,-58.87,23.19,0.267,681.1523438,3912.353516,11.89785753,28.52610594,-43.09263314,0.417086635,-1778.6,4.5,,-2.47,7.3,-2.4,5.81,-2011.7,7.6,26.06201165,10.60626356,-37.69378088,-20.93207071,30.06873223,,,,0.22,0.4,21.7,70,-45.35,-58.87,23.19,16.4,Y,23.59,N,5.6,Y,N,2,3,,90,-14.71,,1304,267000000,2.17E-11,,,7.63,0.267,1.8,173076923.1,3.14889E-11,5.45,59.92564544,5.5,-92.44817556,-0.229538311,0.34,15.5,6.7,-0.1576576,P,-0.533474556,4,P6-P9,0.352733979,,,,308000000,,1.378399427,9.7,1.131058136,P6-P10,
11/28/2016,1.861025918,3560.2,3127.4,0.878433796,1,6,A,Type I,Transient,Transient,Spike,M,4,1.99,0.13,0.13,,,14.37,4.05,,,,,,,,,,,,,,,,,,,,,8.4,36.43028459,4.336938642,,10.8,16.7,16.7,11.84,60.52030388,-52.85644649,-56.42700321,48.58398546,0.347238572,395.5078125,3535.766602,6.908433406,25.78030136,-0.752670805,0.267973338,,,,-4.36,6.7,-2.4,12.65,-2001.3,7.2,30.51757821,4.475509167,-21.96546994,-10.19682265,31.83123793,,,115.01,0.41,1.99,28.7,60,-25.6,-58.5,34,10,N,3.49,N,9,Y,N,1,1,60,,-13.93,,1179,440300000,2.87E-11,,,7.2,0.4403,3.3,317307692.3,4.21673E-11,13.38,41.03665613,5.8,-69.65789644,0.26262016,5.34,20.2,19.3,0.059383029,M,-0.651175828,2,P1-P5,0.140601166,,,,405000000,,1.563306667,9.1,,P1-P5,
11/28/2016,3.102167949,3123.2,3004.2,0.961898053,1,,E,Type I,Intermediate,Intermediate,Spike,M,4,1.8,0.2,0.2,,,31.74,4.9,,,,,,,,,,,,,,,,,,,,,,32.53831968,,,12.1,18.2,18.2,11.3,40.44237132,-42.87719822,-56.94580205,54.74853638,0.547969292,351.5625,4143.676758,6.140829694,30.21275089,10.06196315,0.203252915,-1281,7.7,,-5.8,,,17.83,-2509.8,,27.09960955,3.711207611,-26.62185678,3.06765139,30.35489502,,,280.91,0.63,3.14,,40.3,-37.35,-57.83,,11.3,N,2.25,N,16.7,N,N,1,1,40.3,,,,968,,,,,,,,,,,,,,0.292497598,9.61,20.3,17,0.329438424,M,,3,P1-P5,0.122260598,,,,490000000,,1.970417778,,1.959250585,P1-P5,
12/06/2016,0.20161968,,,,,,A,Type I,Transient,Transient,Spike,M,7,1.26,,0.45,,,,,,,,,,,,,,,,,,,,,,,,,11.7,334.152547,28.56004676,,,,,,110.9528134,-42.75512791,-50.47607535,15.71655309,0.084572152,1002.807617,6765.74707,17.51629026,49.3310272,-21.58853889,0.355076536,,,,,,,28.26,-2610,,50.49887875,13.74574301,-31.11726194,-13.95013926,52.46268796,,,,,0.2,7090,111,,-50,15.23,7.5,Y,6.69,,,N,,2,,111,,,,2140.5,143000000,7.09E-09,,,9.4,0.143,2.32,223076923.1,3.18276E-11,7.1,10.83126327,4.8,-13.20700637,0.664312316,,,,0.664312316,M,-0.731715609,2,P6-P9,0.262009888,,,,,,,,,P6-P10,
12/06/2016,0.331919225,,,,,,B,,Graded,Graded,No Spike,,7,,,,,,,,,,,,,,,,,,,,,,,,,,,,,22.06560373,,,7,,,,110.8053716,-53.40576291,-59.44824352,27.80151429,0.319954989,1033.325195,5908.203125,18.04934839,43.07842519,-12.64935087,0.41898812,,,,,,,7.06,-1878,,51.87250519,14.74081231,-31.23018112,-15.20235892,45.61890258,,,213.47,,0.32,,110,,-60.1,,6.7,N,8.02,,,N,,2,,110,,,,2232.1,,,,,,,,,,,,,,0.428579321,,,,0.428579321,M,,4,P6-P9,0.323129481,,,,,,0.387825635,,,P6-P10,
12/07/2016,0.584047643,,,,,,A,,Graded,,No Spike,,2,,,,,,,,,,,,,,,,,,,,,,,,,,,,,,,,21.2,,,,30.31364746,,-48.43139757,29.99877997,2.105476593,130.0048828,1005.859375,2.270827647,7.334012884,-11.60970724,0.309629623,,,,,,,,-369.9,,23.31542994,0.91351258,-23.10020889,-15.82057608,9.827788549,,,92.45,,,,,,,,,N,,,,Y,,3,,,,,,,,,,,,,,,,,,,,,,,,,,,4,P1-P5,0.092951998,,,,,,9.335803194,,,P1-P5,
01/31/2017,0.779185542,,,,,,A,,Graded,,No Spike,,4,,,,,,,,,,,,,,,,,,,,,,,,,,,,,,,,53.8,,,,20.10521887,,-45.53222758,22.97973684,0.745973799,250.2441406,2087.402344,4.371076692,15.21985683,33.22690082,0.287195651,,,,,,,,18.9,,9.37124405,3.091470884,,,10,,,51.69,,,,,,,,,N,,,,,,1,,,,,,,,,,,,,,,,,,,,,,,,,,,4,P1-P5,0.309147088,,,,,,12.30818029,,,P1-P5,
01/31/2017,1.760751546,,,,,,B,,Transient,Transient,Spike,,4,,,,,,,,,,,,,,,,,,,,,,,,,,,,,19.06427462,,,19.9,,,12.1,60.53059608,-52.85644649,-57.25097784,44.61670022,0.477332612,,,,,,,,,,,,,9.1,-1387.9,,,2,-27.60400848,1.924369627,15.04660427,,,419.33,,1.73,,70,,-57.37,44.83,13.2,N,5.25,,,N,,1,,70,,,,534.7,,,,,,,,,,,,,,0.023219749,,,,0.023219749,M,-0.593879873,2,P1-P5,0.132920356,,,,,,,,,P1-P5,
02/22/2017,0.19524335,,,,,,A,,Graded,,No Spike,,5,,,,,,,,,,,,,,,,,,,,,,,,,,,,,,,,11.8,,,,70.5688443,,-19.83642622,15.99121129,0.142429351,75.68359375,2991.943359,1.32198417,21.81512813,1.868908766,0.060599423,,,,,,,,-1605.4,,22.09472676,-0.608461108,-13.25580941,-1.173631244,21.67141038,,,142.25,,,,,,,,,N,,,,N,,1,,,,,,,,,,,,,,,,,,,,,,,,,,,4,P1-P5,-0.028076673,,,,,,8.925976776,,,P1-P5,
02/22/2017,0.476579872,3402.1,3451.5,1.014520443,1,2,B,Type I,Graded,Graded,No Spike,M,5,,0.3,,,,,,,,,,,,,,,,,,,,,,,,,,11.4,40.39359402,3.543297721,,,,19.2,,80.8251436,-45.9289561,-51.48315545,26.55029356,0.344856662,355.8349609,5491.943359,6.215457833,40.04335433,36.33338154,0.155218211,,,,,,,13.93,-1190.8,4.2,21.91162125,3.563633222,-28.04597697,8.966484166,49.49578876,,,655.53,,0.5,,80,-30.06,-51.82,24.54,13.2,N,10.97,,17,Y,N,1,,,30.5,-22.6962,,1512.5,427000000,,,,4.2,0.427,3.69,354807692.3,4.53485E-11,16.09,46.36306533,5.7,-36.50190955,0.269528982,3.02,31.7,15.7,0.269528982,M,-0.57410357,4,P1-P5,0.071998716,,,,,,,,,P1-P5,
05/16/2017,2.034672553,4564.2,4091.8,0.896498839,1,2,A,Type I,Transient,Transient,Spike,M,8,1.05,0.45,0.45,,,5.74,5.32,,,,,,,,,,,,,,,,,,,,,6.7,15.66374616,2.337872561,,9.1,8.4,8.4,6.18,60.43916303,-60.60791151,-64.30053855,38.8793954,0.31952765,893.5546875,5770.263672,15.60794214,42.07266857,-6.133983315,0.370975806,-891.7,9.1,,-3.6,7.9,-2.4,5.005,-1663.2,5.3,37.19778631,11.77648089,-33.45250713,-9.230576218,47.88562867,,,,0.26,2.07,,60,-47.91,-64.97,36.59,8.2,Y,2.47,Y,7,N,N,2,,60,,-34.5,,1714.5,383000000,,,,5.3,0.383,2.87,275961538.5,2.18146E-11,6.02,131.1995005,4.5,-127.2738462,0.323089938,3.94,14.6,8.3,0.323089938,M,-0.74589855,2,P6-P9,0.245929337,,,,532000000,,0.583036503,10.3,1.865201301,P6-P10,
05/16/2017,0.46526319,4301.8,3679.2,0.855269887,1,1,B,Type I,Graded,Baby,No Spike,M,8,1.35,0.32,0.32,,,7.69,2.47,,,,,,,,,,,,,,,,,,,,,6.1,16.71267662,2.739783053,,6.1,5,5,,110.9391702,-57.58667121,-63.75122213,30.91430733,0.311739413,1005.249023,4789.428711,17.55893491,34.92111596,-35.29749436,0.502817119,,,,-3.5,7.3,-2.4,5.21,-1824.3,5.43,40.38347521,14.75558709,-36.94281361,-28.50680669,33.20019812,,,,0.27,0.45,,120,-40.28,-64.91,29.11,5.8,Y,3.05,Y,4.1,Y,N,2,,,120,-34.49,,1810.9,358000000,,,,5.43,0.358,2.08,200000000,1.4E-11,2.8,124.4342035,4.8,-125.3549712,0.311443107,0.43,12.3,9.8,0.243683184,M,-0.802300465,4,P6-P9,0.444442742,,,,247000000,,0.347401481,9.7,,P6-P10,
06/06/2017,0.165066698,,,,,,A,,Graded,Transient,No Spike,,8,,,,,,,,,,,,,,,,,,,,,,,,,,,,,197.3226859,,,8.2,,,,70.51738329,,-62.44,8.300781436,0.085139729,767.2119141,5323.486328,13.40108147,38.81508518,,0.345254465,,,,,,,16.8,-2002.4,7.31,37.20647661,9.203472146,-31.19418704,-20.95970851,51.6244726,,,282.32,,3.77,,50,,-62.44,,8.3,N,1.5,,,Y,,2,,50,,,,1206.1,,,,,,,,,,,,,,0.494147959,,,,0.494147959,M,,4,P6-P9,0.178277311,,,,,,0.611890915,,,P6-P10,
06/06/2017,3.687298428,,,,,,B,,Transient,,Spike,,8,,,,,,,,,,,,,,,,,,,,,,,,,,,,,,,,9.2,,,7.65,50.36788402,-57.70874152,-60.63842909,55.90820437,0.677201843,554.1992188,4779.663086,9.680335699,34.84991195,8.598226955,0.277772171,,,,,,,,-1975.6,,27.119731,6.262883772,-30.51910091,3.050959854,31.29201111,,,,,,,,,,,,,,,,N,,2,,,,,,,,,,,,,,,,,,,,,,,,,,,2,P6-P9,0.200143217,,,,,,0.950380264,,,P6-P10,
06/08/2017,2.878144143,,,,,,A,,Transient,,Spike,,10,,,,,,,,,,,,,,,,,,,,,,,,,,,,,,,,7.1,,,5.97,70.7641568,-61.12671035,-65.76538233,46.38671979,0.310482772,795.8984375,3635.253906,13.90215611,26.50569219,-39.75449097,0.524497003,-764,11,,,,,,-2152.7,14.5,29.90628772,17.78641738,-48.51481518,-30.85250659,37.06182508,,,64.66,,,,,,,,,N,,,,Y,,3,,,,,,,,,,,,,,,,,,,,,,,,,,,2,P10+,0.479912075,,,,,,0.510712147,,2.817670157,P6-P10,
06/08/2017,4.455799974,3357.5,3151.9,0.938763961,,1,B,Type I,Transient,Transient,Spike,M,10,1.86,0.439,0.439,,,47.89,0.29,,,,,,,,,,,,,,,,,,,,,,32.29273059,,,12.1,10.2,10.2,6.52,70.80915526,-63.3544936,-65.33813623,65.64331201,0.40163838,716.5527344,4598.999023,12.51620497,33.53263779,-26.4814386,0.373254411,,,,,,,12.97,-3294.7,8.1,29.72412116,10.04070417,-38.03840448,-2.887159982,73.485479,,,,0.24,4.6,,70.8,-49.25,-68.05,63.75,11,Y,1.18,Y,10.3,N,N,3,,70.8,,-33.65,,2165.5,,,,,,,,,,12.97,,,,0.563562901,7.29,15.4,10.2,0.563562901,M,-1.051901232,2,P10+,0.136635214,,,,29000000,,0.966746712,,,P6-P10,
06/21/2017,0.944533923,1690,1099,0.650295858,,3,,Type I,Graded,Baby,No Spike,M,8,1.3,0.3,,,,106.5,19.23,,,,,,,,,,,,,,,,,,,,,7.597,66.74794652,8.786092737,,,,37.9,,70.67727146,-69.30542147,-71.62475746,56.45752079,1.346108827,193.4814453,1564.331055,3.379588564,11.40599212,-9.643942931,0.296299395,,,,,,,89.85,-180.5,3.69,16.78466808,2.240880559,-35.57795468,-8.829594055,9.823698063,,,245.79,,0.697,,70,-21.91,-70.04,54.75,21.6,N,8.612,Y,24.8,Y,,2,,70,,,,638.4,2240000000,,,,3.69,2.24,10.74,1032692308,4.7352E-11,48.9,15.91559265,4.1,-4.499944352,0.263554125,8.27,35,20.7,0.263554125,M,-0.610806641,4,P6-P9,0.228109674,,,,1923000000,,,,,P6-P10,
06/21/2017,1.167986438,6461.2,5931.4,0.918002848,1,2,,Type I,Transient,Transient,Spike,M,8,0.99,0.28,0.28,,,11.46,2.87,,,,,,,,,,,,,,,,,,,,,12.17,21.72035426,1.784745625,,10.7,10.9,10.9,7,100.798718,-56.33545048,-61.79809708,38.97094814,0.257730603,1035.15625,8669.433594,18.08133188,63.21135862,0.457887107,0.286045614,,,,-2.56,1.8,-7.9,5.598,-2569.7,5.4,59.81445348,20.0021373,-43.29232434,-9.8228669,98.0735415,,,365.58,0.24,1.175,,100,-34.64,-62.07,37.78,8.6,N,2.195,N,9.9,Y,N,2,,100,,-21.75,,2332.4,261000000,,,,5.434,0.261,2.47,237500000,1.27158E-11,3.02,108.7453376,4.1,-119.809164,0.409614937,5.86,16.7,9.6,0.375515712,M,-0.914210038,2,P6-P9,0.203950393,,,,287000000,,0.591770566,9.7,,P6-P10,
06/21/2017,,,,,,,,Type II,,,Spike,T,8,0.9,-0.6,,,,,,,,,,,,,,,,,,,,,,,,,,,,,,,,,,,,,,,,,,,,,,,,,,,,,,,,,,,,,,,,,,,,,,,,,,,,2,,,,,,,,,,,,,,,,,,,,,,,,,,,4,P6-P9,,,,,,,,,,P6-P10,
08/16/2017,0.139832001,,,,,,A,,Graded,Graded,No Spike,,12,,,,,,,,,,,,,,,,,,,,,,,,,,,,,18.96899074,,,4.6,,,,80.83950482,-61.3403334,-64.75830223,9.063720906,0.122832049,1120.605469,3651.733398,19.57389466,26.62584896,-68.42072028,0.735146312,,,,,,,2.33,-7330,4.7,,22.19088844,-58.48729359,-53.40447377,27.17475911,,,,,0.13,,110,,-65.83,,3.4,Y,2.9,,,N,,3,,110,,,,4234,,,,,,,,,,,,,,0.43195367,,,,0.43195367,M,,4,P10+,0.81659927,,,,,,0.235006884,,,P6-P10,
09/11/2017,0.428612042,,,,,,,,Graded,,No Spike,,3,,,,,,,,,,,,,,,,,,,,,,,,,,,,,,,,,,,,131.154013,-8.331299014,-15.13671909,40.49682708,0.232688279,134.8876953,1126.708984,2.356116949,8.21516249,-34.07270659,0.286801016,,,,,,,,,4,12.32910174,0.202626569,-27.19708048,-31.17410669,8.521352263,,,,,,,,,,,,,,,,Y,,1,,,,,,,,,,,,,,,,,,,,,,,,,,,4,P1-P5,0.023778687,,,,,,,,,P1-P5,
10/04/2017,0.580324546,,,,1,7,,Type I,Graded,Baby,No Spike,M,4,,0.08,0.08,,,5.43,9.11,,,,,,,,,,,,,,,,,,,,,,21.42811463,,,12.8,12.8,12.8,,70.80149595,-44.15893653,-46.90551863,25.75683651,0.316406745,256.3476563,2014.770508,4.477688319,14.69027702,-9.968583004,0.304806255,,,,,,,6.78,-1145.1,6.8,21.60644549,2.436215482,-24.42412029,-11.41433151,14.37728151,,,102.22,0.36,0.497,,71.4,-28.07,-52,27.28,10.3,N,6.95,N,8.5,Y,N,1,,71.4,71,-18.06,,858.8,,,,,,,,,,,,,,0.126698829,1.46,24.2,10.8,0.126698829,M,-0.513124724,4,P1-P5,0.169448966,,,,911000000,,2.858617905,,,P1-P5,
10/04/2017,0.16521771,,,,,,,,Graded,,No Spike,,4,,,,,,,,,,,,,,,,,,,,,,,,,,,,,,,,52.6,,,,20.39746954,-28.07,-18.49365276,4.760742294,0.112124978,256.9580078,2599.487305,4.488349481,18.95361703,-4.395096276,0.236807015,,,,,,,,,4.7,26.06201195,2.526160244,-23.01388092,-6.983470406,18.46039441,,,,,,,,,,,,,,,,N,,1,,,,,,,,,,,,,,,,,,,,,,,,,,,4,P1-P5,0.13684216,,,,,,11.71923002,,,P1-P5,
10/27/2017,0.384610844,,,,,,,,Graded,Graded,No Spike,,8,,,,,,,,,,,,,,,,,,,,,,,,,,,,,14.99825756,,,,,,,20.2627135,,-65.61279444,9.338379115,0.796092476,656.7382813,2832.641602,11.47141103,20.65361274,-25.09419774,0.555419101,,,,,,,11.94,-1037.6,3.8,31.92138692,7.494609539,-41.62257078,-25.09369126,17.99772188,,,,,0.15,,90.9,,-68.7,,31,,10.58,,,N,,2,,90.9,,,,1284.2,,,,,,,,,,,,,,-0.602412244,,,,-0.602412244,P,,4,P6-P9,0.4164199,,,,,,,,,P6-P10,
11/08/2017,0.181516207,,,,,,A,,Graded,Graded,No Spike,,5,,,,,,,,,,,,,,,,,,,,,,,,,,,,,202.5654523,,,58.4,,,,90.88613041,,-55.88,11.53564479,0.07785138,87.28027344,2881.469727,1.524546261,21.00963278,-19.56313586,0.072564156,,,,,,,15.77,-2054.4,6,26.6113284,-1.543413208,-17.36679387,-13.41676808,22.81534046,,,202.47,,0.06,,51.3,,-55.88,,15.8,N,16.46,,,N,,1,,51.3,,,,913.7,,,,,,,,,,,,,,-0.217785736,,,,-0.217785736,P,,4,P1-P5,-0.067648046,,,,,,38.30647944,,,P1-P5,
11/08/2017,0.560766033,,,,,,A013+,,Graded,,No Spike,,5,,,,,,,,,,,,,,,,,,,,,,,,,,,,,,,,18.3,,,,40.45290287,,-55.66406374,24.29199273,0.714054207,376.5869141,2816.162109,6.577937364,20.53345597,-8.575858362,0.320352179,,,,,,,,-2043.5,4.6,20.35522471,3.803572948,-30.7594675,-9.392873891,17.31337416,,,84.16,,,,,,,,,N,,,,N,,1,,,,,,,,,,,,,,,,,,,,,,,,,,,4,P1-P5,0.219689872,,,,,,2.782027099,,,P1-P5,
11/10/2017,0.232061619,,,,,,A,,Graded,Graded,No Spike,,7,,,,,,,,,,,,,,,,,,,,,,,,,,,,,27.1010598,,,12.1,,,,90.93807013,-50.23193472,-53.25317502,17.8527836,0.229880309,620.1171875,5142.822266,10.83174127,37.49781102,-2.628323083,0.288863296,,,,,,,6.23,-1230.5,6.1,45.34912146,8.809136623,-24.97902668,-10.85195136,42.814735,,,161.31,,0.24,,100.7,,-51.79,,8.9,N,35.62,,,Y,,2,,100.7,,,,1639.4,,,,,,,,,,,,,,0.232920356,,,,0.232920356,M,,4,P6-P9,0.205750114,,,,,,1.117087244,,,P6-P10,
11/10/2017,0.460818169,,,,,,B,,Graded,Graded,No Spike,,7,,,,,,,,,,,,,,,,,,,,,,,,,,,,,20.00034938,,,13.3,,,,70.73351954,-44.61670022,-46.75293073,27.58789124,0.376493423,455.9326172,3311.157227,7.96388851,24.14260916,-8.732233374,0.329868593,,,,,,,7.53,-589.6,6.3,20.56884805,4.810295459,-28.22880785,-10.20532152,22.57760073,,,221.72,,0.38,,70.2,,-46.2,,14.1,N,11.49,,,N,,2,,70.2,,,,769.7,,,,,,,,,,,,,,0.108151024,,,,0.108151024,M,,4,P6-P9,0.213056096,,,,,,1.670038447,,,P6-P10,
11/13/2017,,,,,,,,,Graded,,No Spike,,9,,,,,,,,,,,,,,,,,,,,,,,,,,,,,,,,,,,,70.2,,-65.7,,,1229.248047,6370.849609,21.4715816,46.4517151,-19.6035193,0.46223442,,,,,,,6.21,-3568.7,5,50.09483941,19.55521074,-35.96949738,-19.97942518,52.06921625,,,,,0.12,,70.2,,-65.7,,8.1,,4.46,,,Y,,3,,70.2,,,,2420,,,,,,,,,,,,,,0.114431171,,,,0.114431171,M,,4,P6-P9,0.375561841,,,,,,,,,P6-P10,
12/18/2017,0.358733905,2803.3,2113.6,0.753968537,-1,4,,Type I,Graded,Graded,No Spike,P,6,1.13,-0.15,-0.15,,,29.48,2.24,,,,,,,,,,,,,,,,,,,,,8.1,14.34167,1.770576544,,23.7,23.7,22.5,,60.69862227,-41.96167086,-58.59375131,21.33178759,0.320743679,380.859375,2281.494141,6.652565502,16.6350365,-11.04964927,0.399912889,,,,-3.36,7.3,-2.4,4.6,-737.9,,28.38134783,3.180517493,-26.91633343,-16.10202816,19.86419243,,,59.83,0.33,0.238,,80,-37.26,-58.41,28.69,15.4,N,30.3,N,11.7,Y,N,2,2,,61,-21.1897,,1062.6,380000000,,,,3.35,0.38,2.87,275961538.5,3.7324E-11,10.3,87.78,6.1,-60.95695652,-0.191736846,0.18,29.9,5.3,-0.174499265,P,-0.462556805,4,P6-P9,0.160113103,,,,224000000,,3.562535385,9.7,,P6-P10,
12/18/2017,3.179739248,3270,3167,0.968501529,1,5,,Type I,Transient,Transient,Spike,M,6,1.17,0.29,0.29,,,35.9,20.41,,,,,,,,,,,,,,,,,,,,,7.7,30.59667601,3.973594287,,18.5,14.2,14.2,18.67,50.46242867,-41.41235444,-61.64550919,50.81176871,0.498420155,349.1210938,4251.708984,6.098185044,31.00044524,3.767187636,0.196712821,-756.8,8.4,,-6.1,7.3,-2.4,15.25,-2328.5,,30.63964869,3.82294815,-20.80575547,2.824894163,28.8578243,,,260.89,0.29,3.42,,50,-50.32,-62.84,46.2,17.6,N,4.56,Y,15.8,N,N,2,2,50,,-10.10096,,1527.1,719000000,,,,3.2,0.719,3.02,290384615.4,2.51391E-11,7.3,71.99900984,5,-109.7830492,0.206978754,2.32,31,18.6,0.206978754,M,-0.759277951,2,P6-P9,0.132475273,,,,2041000000,,3.03368951,9.7,3.076770613,P6-P10,
01/17/2018,,,,,,,A,,Graded,,No Spike,,5,,,,,,,,,,,,,,,,,,,,,,,,,,,,,,,,,,,,,,,,,181.2744141,1006.469727,3.166365311,7.338463134,-14.19574458,0.431475263,,,,,,,,-391,,10.33103787,1.839400132,-29.68853984,-15.46767997,7.373170686,,,51.7,,,,,,,,,N,,,,Y,,1,,,,,,,,,,,,,,,,,,,,,,,,,,,4,P1-P5,0.249472067,,,,,,,,,P1-P5,
01/17/2018,2.918972816,,,,,,B,,Transient,,Spike,,5,,,,,,,,,,,,,,,,,,,,,,,,,,,,,,,,25.5,,,11.1,30.38593223,-37.62817467,-54.22973754,43.70117285,0.484252033,203.2470703,3012.695313,3.550167167,21.96643665,9.288614905,0.1616178,,,,,,,,-1330,,16.11328138,1.954268784,-22.04599821,2.888551568,22.30390124,,,,,,,,,,,,Y,,,,N,,1,,,,,,,,,,,,,,,,,,,,,,,,,,,2,P1-P5,0.087620043,,,,,,7.18276036,,,P1-P5,
01/31/2018,0.820194682,,,,,,A0014,,Graded,,No Spike,,3,1.7,,,,,,,,,,,,,,,,,,,,,,,,,,,,,,,29.1,,,,30.58220213,,-53.92456175,23.59008842,0.997112879,92.7734375,1221.313477,1.620496725,8.904951323,-1.162703098,0.181977045,,,,,,,,-462,,9.460456294,0.662848609,-18.68438388,-3.144721077,9.294918926,,,136.15,,,,,,,,,N,,,,N,,1,,,,,,,,,,,,,,,,,,,,,,,,,,,4,P1-P5,0.071313006,,,,,,17.95745684,,,P1-P5,
01/31/2018,0.657998048,,,,,,B,Type I,Graded,Graded,No Spike,M,3,1.7,,,,,,,,,,,,,,,,,,,,,,,,,,,,47.90577997,,,33.9,,,,20.21651826,,-54.35180786,17.97485392,0.599092636,274.0478516,1513.671875,4.786862036,11.03662133,-12.36941408,0.433725313,,,,,,,28.7,-451.2,,20.8740236,2.699000392,-27.27855356,-14.62773438,12.12388801,,,49.07,,0.77,,60,,-57.56,25.85,16.8,N,20.7,,,Y,,1,,60,,,,636,819570000,,,,,0.81957,,,,,18.16189965,,-12.88466843,-0.015871139,,,,-0.015871139,P,-0.383740778,4,P1-P5,0.222618387,,,,,,7.081883653,,,P1-P5,
03/28/2018,0.579780056,2358,2091,0.886768448,1,6,,Type I,Graded,Baby,No Spike,M,4,,0.028,0.028,,,11.01,6.09,,,,,,,,,,,,,,,,,,,,,,38.63220576,,,20.1,20.1,18.5,,70.66338895,-55.81665164,-56.85424932,27.46582093,0.340130721,319.2138672,2489.013672,5.575788073,18.14812169,-7.787419507,0.30723775,,,,,,,13.14,-575.9,6.2,17.22856033,3.065664781,-27.08433032,-11.97379496,19.40810435,,,127.76,0.31,1.29,,70,-38.36,-63.11,53.68,18.8,N,3.72,N,13.2,Y,N,1,1,,70,-15.85798,,892.9,,,,,,,,,,,,,,-0.077472728,0.5,28.2,15.1,0.138864964,M,-0.659923521,4,P1-P5,0.157957971,,,,609000000,,3.604871587,,,P1-P5,
03/28/2018,2.743829809,1980,1668,0.842424242,1,6,,Type I,Intermediate,Intermediate,Spike,M,4,,0,0,,,112.6,6.7,,,,,,,,,,,,,,,,,,,,,,25.56384794,,,22.8,33.1,33.1,28.24,40.70518151,-33.44726637,-55.60302859,46.53930768,0.423253965,314.3310547,2517.089844,5.490498772,18.35283321,-6.192703023,0.299163552,-852,5.4,,,,,10.82,-1520.4,7.9,15.20996101,3.800801318,-33.20178218,5.3,19.74230085,,,,0.53,2.87,,40,-38.76,-55.57,43.82,22,Y,3.2,N,26.4,N,N,1,1,40,,-21.77,,809.3,,,,,,,,,,,,,,-0.026814807,5.07,32,34.1,-0.026814807,P,-0.5761835,3,P1-P5,0.192520687,,,,670000000,,4.152628194,,1.784507042,P1-P5,
03/28/2018,1.331717857,3936.2,3665,0.931101062,1,7,,Type I,Graded,Baby,No Spike,M,4,,0.2,0.2,,,40.33,1,,,,,,,,,,,,,,,,,,,,,,38.8914381,,,10,10,8.3,,70.46448616,-38.81836024,-42.69409275,16.9982914,0.115706701,557.8613281,5186.157227,9.744302675,37.81377881,6.10742654,0.257691852,-2734,2.3,,,,,4.5,-2518.9,5.1,34.48486346,6.605354955,-25.27627386,-2.943069379,37.47332777,,,,0.15,1.22,,101.3,-30.54,-42.24,24.17,9.5,Y,4.02,N,1,N,N,1,1,101.3,100,-37.032,,1279.3,,,,,,,,,,,,,,0.43481701,1.43,16.4,13.9,0.312852902,M,-0.636205465,4,P1-P5,0.176268171,,,,100000000,,1.0262407,,0.921324067,P1-P5,
04/11/2018,4.898305427,4229,3623,0.856703712,1,6,A,Type I,Transient,Transient,Spike,M,3,1.32,0.26,0.26,,,95.6,7.6,8.022,40.11,0,-86.95,-557.65,0.4817,0.03469,-22.68,3.819406945,6.729088438,4.02,1.93,5.94,8.2,0.2904,-602.11,-635.445,0.0321,-33.08,4.08,,38.94375421,,4.001495886,10.4,11.3,11.3,8.55,70.65525093,-59.26513804,-63.69018697,69.27490389,0.483004281,651.8554688,4879.760742,11.38612172,35.57975304,-6.889039805,0.320016885,-1175,5.2,,,,,18.81,-2518.9,,39.36767605,7.1856242,-27.72775711,-11.94905605,38.93727703,,,257.45,0.32,4.99,,70,-44.89,-63.14,67.02,9.3,N,1.6382,Y,8.2,Y,N,1,1,70,,-15.20625,,1611.3,601820000,,,,,0.60182,,,,,51.55303381,,-80.59140872,0.711344715,8.79,14.7,12.3,0.711344715,M,-0.949547471,2,P1-P5,0.184543572,5.95,0.155922173,13.88584607,760000000,0.865110146,0.91339266,,2.143744681,P1-P5,
04/11/2018,,,,,,,B,,,,Spike,,3,,,,,,,,7.468,25.9,11.44,-70.92,-67.89,0.2655,0.0722,-1.5,0.757492886,1.569391767,4.14,3.07,7.198,35.2,0.2514,-120.61,-126.185,0.1551,-5.5717,4.55,,,,20.76861275,15.2,,,,,,,,,139.71,1746.58,,,,,,,,,,,,-1867.25,,,,,,,,,,,,,,,,,,,,,,,,1,,,,,,,,,,,,,,,,,,,,,,,,,,,4,P1-P5,,7.21,1.044631021,3.677285319,,0.489085801,,,,P1-P5,
04/27/2018,1.835827344,4853,4296.9,0.885411086,1,2,,Type I,Transient,Transient,Spike,M,6,1.28,0.29,0.29,,,98.135,1,10.508,10.89,41.65,-48.62,-129.575,0.1794,0.0317,,0.768292493,1.00488811,1.3,1.14,2.53,27.8,0.1446,-154.189,-157.356,0.0538,-3.167,1.7,,24.36730271,,5.119908641,7.1,6.2,6.2,8.78,100.9796693,-56.15234501,-63.41552876,44.46411232,0.183442544,869.140625,6138.916016,15.18149563,44.76061989,2.254614218,0.339170808,,,,,,,4.47,-3554.3,,38.39111348,10.79321323,-33.20017564,-8.341371216,66.40021368,,,180.38,0.24,1.8,,100,-39.98,-63.3,41.53,6.1,N,2.55,Y,5.3,Y,N,2,2,100,,-18.0305,,1765.1,318480000,,,,,0.31848,,,,,125.7604134,,-253.2379114,0.289783099,2.59,14.9,6,0.289783099,M,-0.915988985,2,P6-P9,0.162547869,2.44,0.375226703,5.659305994,100000000,0.727152838,0.467674607,,,P6-P10,
05/07/2018,,,,,,,,Type I,,,Spike,M,9,1.17,,,,,,,,,,-64.82,-442.75,0.2693,0.055,,4.723104553,1.835846711,7.11,,7.07,10.9,,,,,,,,,,,9,,,,,,,,,230.103,3394.17,4.09,21.58,,0.18952734,,,,,,,,-1579,,,,,,,,,,,,,,,,,,,,,,,,3,,,,,,,,,,,,,,,,,,,,,,,,,,,4,P6-P9,,,0.146403162,4.896363636,,0.872293477,2.200488998,,,P6-P10,
05/09/2018,,,,,,,A,,,,Spike,,6,,,,,,,,8.3734,41.19,0.677,-7.87,-507.28,0.77,0.053,-15.35,5.35513788,0.983203021,5.04,0.14,5.97,9.7,1.23,-581.86,-596.96,0.0539,-15.09,6.4,10.8,27.68421053,2.563352827,6.43705066,9.6,,,,,,,,0.38,407.72,6628.42,7.1,42.15,,0.168446026,,4.1,,-4,1.2,-9.8,10.52,-2164.3,,,,,,,,,,,,,,,,,,,,,,,,2,,,,,,,,,,,,,,,,,,,,,,,,,,,4,P6-P9,,5.18,0.015514114,14.52830189,,0.984722896,1.352112676,11,,P6-P10,
05/09/2018,,,,,,,B,,,,Spike,,6,,,,,,,,6.77,32.25,1.6,-52.6987,-305.98,0.3057,0.0622,8.11,3.670175081,1.69862707,3.87,1.6,5.4,14.7,0.0842,-341.8,-344.92,0.079,-3.12,5.45,7.6,17.82352941,2.345201238,11.66912851,8.9,,,,,,,,0.34,446.77,4202.88,7.79,26.72,,0.291541916,,,,-3,1.2,-8.5,6.06,-1832.9,,,,,,,,,,,,,,,,,,,,,,,,2,,,,,,,,,,,,,,,,,,,,,,,,,,,4,P6-P9,,5.47,0.172229231,4.914790997,,0.853075468,1.142490372,9.7,,P6-P10,
05/09/2018,0.15,3272,2871.7,0.877658924,,,D,Type I,Graded,Graded,No Spike,P,6,0.9,-0.15,-0.15,,,3.5,4.7,20.646,103.23,0,-39.95,-553.35,0.8608,0.05744,,6.306739214,5.615791562,7.27,5.96,12.5,8.4,0.1353,-610.199,-677.54,0.0669,-67.34,9,12.5,16.04761905,1.283809524,3.240337111,22.7,22.7,10.5,,80,-44.04,-49.9,16.17,0.21,612.7929688,3723.754883,10.70380731,27.15097852,-14.91735602,0.394232838,,,,-1.56,2.4,-7.9,3.37,-1582,6,27.40137077,6.836024784,-32.93900969,-14.24052861,24.64890068,,,167.97,0.15,0.2,,80,-44.04,-49.9,16.17,22.7,N,12.49,N,10.6,Y,N,2,3,,100.7,-14.053,,1303,218370000,,160,9,,0.21837,,,,,84.43208012,,-102.5107834,-0.192180264,0.5,19.9,3.4,-0.021448309,P,-0.487289128,4,P6-P9,0.277335889,13.23,0.072196621,14.98607242,470000000,0.932664756,2.120740718,10.3,,P6-P10,
05/09/2018,0.22,2376,1938,0.815656566,,,E,Type I,Graded,Graded,No Spike,P,6,0.9,-0.14,-0.14,,,,,,,,,,,,,,,,,,,,,,,,,,19.81818182,,,20.1,20.1,13.4,,50,-45.75,-52.98,9.19,0.22,472.4121094,2896.728516,8.251739902,21.12088905,-11.23454536,0.390690936,,,,,,,4.36,-1411.7,11.5,18.22617481,7.178463213,-33.13624455,-13.62092397,20.89830292,,,,0.22,0.62,,50,-45.75,-52.98,9.19,20.1,Y,11.55,N,7.3,Y,,2,2,,80,-6.231,,642.7,202040000,,,,,0.20204,,,,,29.78236422,,-65.41740092,-0.31437417,0.89,18.1,4.8,-0.032459293,P,-0.337886862,4,P6-P9,0.343495031,,,,,,2.435849922,,,P6-P10,
05/18/2018,0.516955436,3991.7,3391.7,0.849688103,-1,3,,Type I,Graded,Graded,No Spike,P,7,1.14,-0.137,-0.137,,,,,16.358,77.47,4.32,-214.44,-392.163,0.179,0.0458,,3.148434205,3.384916322,7.5,3.7,11.2,8.2,0.0354,-675.602,-692.6,0.07,-58.35,9.96,,37.71183796,,4.279251742,17.5,17.5,20.6,,70.47573578,-55.63354617,-58.44116342,23.13232474,0.262517038,461.4257813,4849.243164,8.059838974,35.35724051,22.70661653,0.227954412,-920,2,,,,,9.9,-2196.4,9,29.69082941,6.308294791,-20.88588547,-0.71432528,45.8979982,,,155.46,0.27,0.45,,70,-39.89,-58.2,,16.5,N,7.3,N,10.6,Y,,2,1,,61,-5.015,,1134.6,,,160,10,,,,,,,,,,-0.156261178,0.85,16.4,16.8,,,,4,P6-P9,0.13744161,11.2,0.546813442,3.908296943,,0.646490373,2.171259259,,2.387391304,P6-P10,
10/04/2018,,,,,,,,Type I,,,Spike,M,,1.36,0.2,,,,,,,,,,,,,,,,,,,,,,,,,,,,,,,,,,,,,,,,,,,,,,,,,,,,,,,,,,,,,,,,,,,,,,,,,,,,,,,,,,,,,,,,,,,,,,,,,,,,,,,4,,,,,,,,,,,,
10/10/2018,3.600423831,,,,,,,,Intermediate,Intermediate,Spike,,5,,,,,,,,,,,,,,,,,,,,,,,,,,,,,13.81891976,,,14.7,,,16.89,30.48670007,-39.09301845,-52.39868281,53.03955197,0.578916452,316.7724609,4310.302734,5.533143422,31.42766929,23.45396006,0.176059617,,,,,,,8,-2519.1,,21.36230487,3.397792772,-20.8864697,10.84611063,36.1358314,,,,,3.7,,30,-35.74,-52.7,53.13,10.3,Y,2.38,,,N,Y,1,1,30,,-20.014,,,,,,,,,,,,,,,,,12.15,19.1,21,,,,3,P1-P5,0.094028355,,,,,,2.656717688,,,P1-P5,
10/10/2018,0.424979793,,,,,,,,Graded,Graded,No Spike,,5,,,,,,,,,,,,,,,,,,,,,,,,,,,,,33.24660845,,,15.5,,,,80.70163717,-44.12841896,-47.57690536,23.77319389,0.269410939,671.3867188,2130.737305,11.72727893,15.53582462,-25.24010313,0.754853972,,,,,,,8.957,-510.3,,31.12792997,8.365923484,-55.24624719,-27.60540453,19.23925072,,,117.67,,0.61,,80,-29.02,-46.72,24.78,16.1,N,16.38,,,Y,N,1,1,80,,-26.32,,,,,,,,,,,,,,,,,1.64,35.9,23.2,,,,4,P1-P5,0.434836242,,,,,,1.321704727,,,P1-P5,
10/11/2018,2.528851946,1531,1331,0.869366427,,2,A,Type I,Transient,Transient,Spike,M,6,0.85,0.22,0.22,,,46.39,30.42,,,,,,,,,,,,,,,,,,,,,,41.074851,,,19.3,20.7,20.7,17.39,40.51513479,-27.74047914,-53.55835081,44.55566506,0.856972068,277.7099609,1992.797852,4.850829012,14.530068,-1.729224511,0.333847647,-470,8.4,,,,,35.2,-1196.3,,13.97705081,3.483164207,-33.66496784,-0.587764574,12.02886091,,,72.84,0.49,3.04,,50,,-57.04,48.98,13.2,N,3.81,Y,11.5,N,,2,,50,,,,,,,,,,,,,,,,,,,,,,,,,2,P6-P9,0.289567253,,,,3042000000,,3.978701363,,2.545319149,P6-P10,
10/11/2018,1.832629832,1504.5,1313.5,0.873047524,,3,B,Type I,Intermediate,Intermediate,Spike,P,6,1.4,-0.1,-0.1,,,17.37,11.67,,,,,,,,,,,,,,,,,,,,,,29.65290577,,,15.5,19.3,19.3,10.81,50.51317162,-60.08911267,-66.00952296,44.15893653,0.374668172,354.0039063,1959.228516,6.183474345,14.28530422,-15.01399753,0.432855629,,,,,,,11.11,-1101.3,,10.5590821,4.824839403,-41.70180367,-9.899912931,12.94825459,,,,0.37,2.83,,40,,-65.4,44.1,16.1,Y,3.12,N,13.8,N,,2,,40,,,,,,,,,,,,,,,,,,,,,,,,,3,P6-P9,0.372624694,,,,1167000000,,2.506681379,,,P6-P10,
10/17/2018,0.569439865,1233,1072.4,0.869748581,,5,,Type I,Graded,Graded,No Spike,M,3,1.52,0.18,0.18,,,6.24,43.13,,,,,,,,,,,,,,,,,,,,,,21.94303919,,,19.9,19.9,25,,30.36080011,-31.8,-52.42920039,20.62988327,0.408785671,441.8945313,1447.753906,7.718681769,10.55599427,-24.62669272,0.731213145,,,,,,,8.97,-758.1,,26.55029311,5.409453749,-61.33594005,-26.64701037,12.14212393,,,207.82,0.57,0.62,,50,-31.8,-53.16,23.96,14.1,N,18.45,N,6.2,Y,N,1,1,,30,-21.6471,,,,,60,17.8,,,,,,,,,,,5.86,31.9,2.1,,,,4,P1-P5,0.445511327,,,,4313000000,,2.578160442,,,P1-P5,
10/17/2018,1.328156043,2630.6,1922,0.730631795,,11,,Type I,Graded,Baby,No Spike,P,3,1.53,-0.32,-0.32,,,8.78,13.27,,,,,,,,,,,,,,,,,,,,,,5.895193673,,,26,26,20.5,,50.69723449,-45.89843853,-50.90332145,70.15991368,0.988941216,433.9599609,2415.771484,7.580086654,17.61409162,-13.40828858,0.430342184,-633,7.6,,,,,5.83,-1745,,25.77732347,5.098494086,-30.40779433,-16.59373458,18.24911012,,,75.62,1.13,0.89,,40,-14.65,-52,21.3,25,N,7.46,N,8.6,Y,N,1,1,,20.5,-14.6329,,,,,60,28.4,,,,,,,,,,,2.08,62.6,9.3,,,,4,P1-P5,0.279383162,,,,1327000000,,3.430039944,,2.75671406,P1-P5,
10/18/2018,0.427055107,,,,,,,,Graded,Graded,No Spike,,4,,,,,,,,,,,,,,,,,,,,,,,,,,,,,28.00476579,,,34.1,,,,20.391007,,-49.40796009,13.03100615,0.337442565,455.9326172,1121.21582,7.96388851,8.175110235,-29.12982793,0.974162829,,,,,,,9.45,-492.5,,20.01267815,5.430109021,-53.37772665,-30.75591744,10.92185276,,,129.55,,0.43,,70,,-49.41,26.46,26.46,N,46.29,,,Y,,1,,70,,,,,,,,,,,,,,,,,,,,,,,,,4,P1-P5,0.497178376,,,,,,4.281827898,,,P1-P5,
10/26/2018,0.3,604,393,0.650662252,,,,Type II,Graded,Graded,No Spike,T,7,0.3,-0.6,,,,,,,,,,,,,,,,,,,,,,,,,,,23.02666667,,,30.7,,,,80,,-37,,0.75,93.99414063,469.3603516,1.64181905,3.422242662,-43.04806888,0.479749454,,,,,,,17.27,-1734.4,,6.408691442,0.980864011,-34.43398965,-37.432246,3.428641123,,3,73.46,,,,80,,-37,,27.8,N,,,,N,,2,,80,,,,,,,,,,,,,,,,,,,,,,,,,4,P6-P9,0.286079521,,,,,,18.69877195,,,P6-P10,
11/07/2018,0.675206375,1866,1014,0.54340836,,,,Type II,Graded,Graded,No Spike,T,3,0.4,-0.6,,,,,,,,,,,,,,,,,,,,,,,,,,,24.07923681,,,18.4,,,,60.90159407,-53.1311047,-57.92236458,39.97802824,0.759575569,295.4101563,1730.34668,5.160002729,12.61646027,-13.48586867,0.408989734,,,,,,,18.29,-1491.5,,12.69531266,3.296183272,-37.67498629,-13.88750819,11.00773005,,1,100.75,,,,70,,-57.25,,15.3,N,,,,N,,1,,70,,,,,,,,,,,,,,,,,,,,,,,,,4,P1-P5,0.299442597,,,,,,3.565889587,,,P1-P5,
11/07/2018,0.455261531,965,534,0.553367876,,,,Type II,Graded,Graded,No Spike,T,3,0.3,-0.6,,,,,,,,,,,,,,,,,,,,,,,,,,,24.33407859,,,18.3,,,,50.73983943,,-49.95727651,19.34814496,0.330811786,144.6533203,601.1962891,2.526695551,4.383496778,-27.82915668,0.576410952,,,,,,,8.05,-630.2,,7.296902384,1.380281411,-33.49728372,-27.32360588,4.735977267,,1,59.43,,,,61,,-49.41,,17.3,N,,,,Y,,1,,61,,,,,,,,,,,,,,,,,,,,,,,,,4,P1-P5,0.291445954,,,,,,7.242661267,,,P1-P5,
11/28/2018,0.545322031,1012,819.7,0.809980237,,,,Type II,Graded,Graded,No Spike,T,7,0.85,-0.6,,,,,,,,,,,,,,,,,,,,,,,,,,,21.54360739,,,39.2,,,,30.36343299,,-49.71313588,18.92089886,0.520339969,180.0537109,1029.663086,3.145042986,7.507572655,-13.88190143,0.418916091,,,,,,,11.21,-164.2,,9.560325064,1.615024577,-31.97750109,-14.78327755,7.544215032,,2,102.74,,,,89,,-48.4,,19.2,N,,,,Y,,2,,89,,,,,,,,,,,,,,,,,,,,,,,,,4,P6-P9,0.214074568,,,,,,12.46405858,,,P6-P10,
11/30/2018,0.236498554,2235,2064.8,0.923847875,,,,Type I,Graded,Graded,No Spike,M,7,1.03,,,,,12.04,1,,,,,,,,,,,,,,,,,,,,,,56.95278835,,,46.6,,,,30.3165197,,-53.00903439,8.270263857,0.173828188,508.4228516,2952.270508,8.880748499,21.52586184,,0.412561809,,,,,,,9.9,-771.3,,20.6298829,7.804282966,-34.46471241,-40.94296651,19.67085559,,,,0.15,0.15,,80,,-53.77,12.47,10.4,Y,,N,,N,,2,3,80,,,,,,,111,11.5,,,,,,,,,,,,,,,,,4,P6-P9,0.396743443,,,,100000000,,5.24730545,,,P6-P10,
12/04/2018,,,,,,,,Type I,,,Spike,M,4,0.9,0.1,,,,,,,,,,,,,,,,,,,,,,,,,,,,,,,,,,,,,,,,,,,,,,,,,,,,,,,,,,,,,,,,,,,,,,,,,,,,1,,,,,,,,,,,,,,,,,,,,,,,,,,,4,P1-P5,,,,,,,,,,P1-P5,
12/13/2018,0.58048488,1595,1200,0.752351097,,,,Type I,Graded,Graded,No Spike,P,4,0.94,0,0,,,14.72,11.95,,,,,,,,,,,,,,,,,,,,,,25.6823534,,,18,18,23.2,,70.84410088,-44.95239358,-45.77636821,27.55737366,0.444273927,293.5791016,1246.948242,5.128019241,9.091861846,-19.31113687,0.564023005,,,,,,,11.41,-700.1,,13.8549807,3.157578726,-34.86333943,-21.56838161,10.38905737,,,60.43,0.39,0.56,,70,-26.28,-47.85,27.4,17,N,14.6,N,27.9,Y,N,1,2,,30,-17.5952,,,,,90,10,,,,,,,,,,,1.25,34.1,14.1,,,,4,P1-P5,0.30393313,,,,1195000000,,3.510127235,,,P1-P5,
12/13/2018,0.49190744,746,524,0.702412869,,,,Type II,Graded,Graded,No Spike,T,4,0.84,-0.6,,,,,,,,,,,,,,,,,,,,,,,,,,,21.89784644,,,21.7,,,,111.2151448,-36.01074299,-42.51098728,50.47607535,0.565809064,128.7841797,631.1035156,2.249505322,4.601559055,-21.84099824,0.48885721,,,,,,,12.39,-340.6,,9.46044928,1.29329247,-34.6802657,-21.66519538,4.728494901,,3,79.17,,0.46,,60,,-39.87,26.09,22.9,N,77.33,,,Y,,1,2,60,,,,,,,,,,,,,,,,,,,,,,,,,4,P1-P5,0.273510387,,,,,,9.646565308,,,P1-P5,
12/18/2018,0.298080123,,,,-1,2,,Type I,Graded,Graded,No Spike,P,8,1.39,-0.1,-0.1,,,19.68,1,,,,,,,,,,,,,,,,,,,,,,36.93193519,,,19.1,19.1,11,,40.56515968,-52.52075313,-61.18774551,11.71875026,0.271580678,422.3632813,2698.974609,7.377524563,19.67900787,-7.411407184,0.374893115,,,,,,,10.03,-596.8,,16.85274579,5.469931964,-31.79025923,-9.086181381,19.01548518,,,52.51,0.21,0.26,,50,-46.26,-61.71,11.69,16.4,N,6.7,N,8.9,Y,N,2,1,,111,-4.22952,,,,,,,,,,,,,,,,,1.2,19.1,5.7,,,,4,P6-P9,0.287656713,,,,100000000,,2.588944278,,,P6-P10,
01/09/2019,,,,,,,,,,,Spike,,5,,,,,,,,,,,,,,,,,,,,,,,,,,,,,,,,,,,,,,,,,,,,,,,,,,,,,,,,,,,,,,,,,,,,,,,,,,,,,,1,,,,,,,,,,,,,,,,,,,,,,,,,,,4,P1-P5,,,,,,,,,,P1-P5,
02/15/2019,0.156,,,,,,A,,Graded,Graded,No Spike,,6,1.9,-0.1,-0.1,,,3.84,4.47,11.2,56,0,-43.99,-344.917,0.14,0.039,-26.44,2.595939409,0.501387698,,,4.22,,,-368.88,-396.1,0.051,-27.21,4.2,5.1,25.10548523,4.922644163,4.553571429,10,11,11,10.45,,,-59.5,,0.237,419.3,5105.6,7.32,32.46,,0.225508318,,,,,,,5.95,-1075.6,,,,,,,,,254.1,,,,,,,,,,4.7,N,,,N,2,,,,,,,,,103,8.9,,,,,,,,,,,,,,,,,4,P6-P9,,,0.127537929,3.58974359,447000000,0.886888125,1.366120219,,,P6-P10,
06/03/2019,2.31,,,,,,A,,Transient,Transient,Spike,,9,,,,,,,,6.202,18.36,12.65,-37.27,-192.65,0.1175,0.0399,,1.440819163,0.285172802,2.05,0.359,2.5,21.7,0.2927,-219.01,-226.25,0.0529,-7.24,2.4,,17.12270804,,8.529506611,7.5,,,20.03,60,-46.23,-68.9,35.37,0.709,278.9307,5148.9,4.8722,80.2409,-1.3347,0.060719658,,,,,,,12.14,,7.688,46.0815,,,,,,,164.74,,,,,,,,,,,,,,,3,,,,,,,,,,,,,,,,,,,,,,,,,,,2,P6-P9,,2.409,0.193459642,2.944862155,,0.837900139,1.539345675,,,P6-P10,
07/03/2019,1.9,,,,,,A,,Intermediate,Intermediate,Spike,,4,,,,,,,,28.6,143,0,-20.27,-192.4,0.84,0.09,-18.71,3.394707009,2.452016129,,,7,,,-168.1,-188.7,0.18,-20.6,,6.9,21.51785714,3.118530021,6.293706294,28.4,39.4,39.4,20.38,35,-41.5,-58.1,30.85,0.672,96.4,3184.2,1.68,20.25,,0.082962963,,,,,,,14.46,-2108.2,9.5,,,,,,,,308.9,,,,,,,,,,,Y,,,,1,,,,,,,,,,,,,,,,,,,,,,,,,,,3,P1-P5,,,0.10535343,9.333333333,,0.904688014,16.9047619,,,P1-P5,
07/03/2019,3.4,,,,,,B,,Transient,Transient,Spike,,4,,,,,,,,3.56,17.8,0,-41.5,-179.1,0.21,0.067,-37.07,2.229493649,0.612731769,,,4.2,,,-166.62,,0.102,6.8,3.56,5,16.67590028,3.335180055,28.65168539,14.1,18.1,18.1,12.92,55,-44.7,-65.98,40.47,0.361,148.3,3621.8,2.58,23,,0.112173913,,,,,,,6.02,-1957.4,17.8,,,,,,,,72.25,,,,,,,,,,,N,,,,1,,,,,,,,,,,,,,,,,,,,,,,,,,,2,P1-P5,,,0.231714126,3.134328358,,0.8118767,5.465116279,,,P1-P5,
07/04/2019,,,,,,,A,,Transient,Transient,Spike,,5,,,,,,,,7.8,39,0,-65.9,-147.34,0.22,0.063,-11.63,1.640790999,1.147964028,,,4.95,,,-196.18,-210.13,0.107,-13.95,4.4,5.19,26.01092896,5.011739684,13.71794872,12.9,,,11.73,,-47.12,-59.63,23.28,1.83,,,,,,,,,,,,,47.6,,18.9,,,,,,,,,,,,,,,,,,,,,,,1,,,,,,,,,,,,,,,,,,,,,,,,,,,2,P1-P5,,,0.44726483,3.492063492,,0.690958544,,,,P1-P5,
07/04/2019,,,,,,,B,,Graded,Graded,No Spike,,5,,,,,,,,9,45,0,-14.5,-194.38,1.3,0.103,-250,3.927633569,2.961615182,,,9,,,,,0.13,,,6.3,19.16201117,3.041589075,14.44444444,,,,,,,,,0.179,90.3,2835.1,1.57,18,,0.087222222,,,,,,,3.43,-2144.2,16.87,,,,,,,,292.13,,,,,,,,,,,,,,,1,,,,,,,,,,,,,,,,,,,,,,,,,,,4,P1-P5,,,0.074596152,12.62135922,,0.930582152,,,,P1-P5,
07/04/2019,,,,,,,C,,Transient,Transient,Spike,,5,,,,,,,,8.4,42,0,-71.6,-12.09,0.24,0.063,-12.39,0.05728747,1.480631287,,,3.5,,,-80.56,-93.04,0.21,-12.5,3.4,4.93,14.05147059,2.850196874,25,14.4,,,16.16,20,-50,-61.49,31.71,1.36,103.1,1358.6,1.79,8.62,,0.207656613,,,,,,,19.11,-1460.8,42.99,,,,,,,,,,,,,,,,,,,,,,,1,,,,,,,,,,,,,,,,,,,,,,,,,,,2,P1-P5,,,5.922249793,3.80952381,,0.144461704,8.044692737,,,P1-P5,
07/04/2019,10.4,,,,,,D,,Transient,Transient,Spike,,5,,,,,,,,4.18,20.9,0,-14.96,-257.71,0.705,0.08,-4.45,4.073994619,1.488853503,,,6.7,,,-246.61,-259.93,0.079,-13.31,4,6.5,19.125,2.942307692,18.89952153,23.2,29.7,,20.42,30,-41.6,-67.26,69.09,0.8,101.3,2859.5,1.76,18.15,,0.096969697,,,,,,,15.3,-2099.9,22.12,,,,,,,,185.8,,,,,,,,,,,,,,,1,,,,,,,,,,,,,,,,,,,,,,,,,,,2,P1-P5,,,0.058049746,8.8125,,0.945135145,13.18181818,,,P1-P5,
07/05/2019,3.7,,,,,,A,Type II,Intermediate,Intermediate,Spike,T,6,,-0.6,,,,,,4.74,23.7,0,-49.4,-247.9,0.21,0.0001,-4.89,0.004949134,2.071837881,,,5.3,,,-279.51,-286.76,0.08,-7.25,4.75,8.5,24.875,2.926470588,16.87763713,34.4,20.26,,81.7,25,-41.99,-62.38,38.09,1.6,68.4,1859.1,1.19,11.8,,0.100847458,,,,,,,39.8,-1457.3,13.85,,,,,,,,78.78,,,,,,,,,,,,,,,2,,,,,,,,,,,,,,,,,,,,,,,,,,,3,P6-P9,,,0.199273901,2100,,0.833837874,28.90756303,,,P6-P10,
07/16/2019,,,,,,,A,,,,Spike,,7,,,,,,,,6.4,32,0,-59.87,-42.88,0.23,0.083,-12.23,0.468258531,0.826665067,,,3.8,,,-96.33,-109.98,0.167,-13.65,3.5,5.08,,,26.09375,,,,,,,,,,199.6,2108.8,3.47,13.39,,0.259148618,,,,,,,,,29.9,,,,,,,,,,,,,,,,,,,,,,,2,,,,,,,,,,,,,,,,,,,,,,,,,,,4,P6-P9,,,1.396222015,2.771084337,,0.417323601,,,,P6-P10,
07/16/2019,,,,,,,B,,,,Spike,,7,,,,12.2,206.3833333,20.3,1.2,5.4,27,0,-45.95,-175.06,0.1,0.039,-20.97,1.23725357,0.246014317,,,2.6,,,-259.12,-281.63,0.0506,-22.5,3,4.08,18.92280072,4.637941352,9.37037037,,,,,,,,,0.557,267.9,4972.5,4.66,31.57,,0.147608489,,,,,,,10.54,-4245.4,12.58,,,,,,,,,,,,,,,,,,,,,,,2,,,,,,,,,,,,,,,,,,,,,,,,,,,4,P6-P9,,,0.262481435,2.564102564,120000000,0.792090856,,,,P6-P10,
07/16/2019,,,,,,,C,,,,Spike,,7,,,,11.6,16.32552995,15.27,10.85,3.52,17.6,0,-36.59,-209.78,0.169,0.0523,1.2,2.078568663,0.45035263,,,3.3,,,-236.1,-236.9,0.066,-0.83,3.4,4.75,18.92307692,3.983805668,18.75,,,,,,,,,0.91,65.9,5974.1,1.15,37.93,,0.030319009,,,,,,,17.22,,12.67,,,,,,,,,,,,,,,,,,,,,,,2,,,,,,,,,,,,,,,,,,,,,,,,,,,4,P6-P9,,,0.174420822,3.231357553,1085000000,0.851483541,,,,P6-P10,
07/16/2019,6.88,,,,,,D,,Transient,Transient,Spike,,7,,,,4.3,27.07966728,34.07,5.41,8.2,41,0,-230.8,-125.64,0.167,0.07,8.24,0.99112393,1.832571477,,,7.8,,,-384.72,-394.16,0.102,-9.44,8.3,8.7,28.27906977,3.250467789,12.43902439,18.9,21.9,21.9,15.14,30.5,-48.9,-67.3,50.42,1.29,216.7,4293.2,3.77,27.28,,0.138196481,,,,,,,36.48,,14.4,,,,,,,,,,,,,,,,,,,,,,,2,,,,,,,,,,,,,,,,,,,,,,,,,,,2,P6-P9,,,1.836994588,2.385714286,541000000,0.352485692,5.013262599,,,P6-P10,